Workbook
Name Slicer_Covid_Period: #N/A
Name Slicer_Year: #N/A

Sheet CPI
A1: Sector | B1: Year | C1: Month | D1: Date | E1: Covid Period | F1: Cereals and products | G1: Meat and fish | H1: Egg | I1: Milk and products | J1: Oils and fats | K1: Fruits | L1: Vegetables | M1: Pulses and products | N1: Sugar and Confectionery | O1: Spices | P1: Non-alcoholic beverages | Q1: Prepared meals, snacks, sweets etc. | R1: Food and beverages | S1: Pan, tobacco and intoxicants | T1: Clothing | U1: Footwear | V1: Clothing and footwear | W1: Housing | X1: Fuel and light | Y1: Household goods and services | Z1: Health | AA1: Transport and communication | AB1: Recreation and amusement | AC1: Education | AD1: Personal care and effects | AE1: Miscellaneous | AF1: General index | AG1: Month Number
A2: Rural | B2: 2013 | C2: January | D2: =DATE(All_India_Index_Upto_April23__13[[#This Row],[Year]],All_India_Index_Upto_April23__13[[#This Row],[Month Number]],1) -> 41275 | E2: =IF(All_India_Index_Upto_April23__13[[#This Row],[Date]]<DATE(2020, 3, 1),"Pre-COVID","Post-COVID") -> Pre-COVID | F2: 107.5 | G2: 106.3 | H2: 108.1 | I2: 104.9 | J2: 106.1 | K2: 103.9 | L2: 101.9 | M2: 106.1 | N2: 106.8 | O2: 103.1 | P2: 104.8 | Q2: 106.7 | R2: 105.5 | S2: 105.1 | T2: 106.5 | U2: 105.8 | V2: 106.4 | W2: 141 | X2: 105.5 | Y2: 104.8 | Z2: 104 | AA2: 103.3 | AB2: 103.4 | AC2: 103.8 | AD2: 104.7 | AE2: 104 | AF2: 105.1 | AG2: =IF(All_India_Index_Upto_April23__13[[#This Row],[Month]] = "January", 1,IF(All_India_Index_Upto_April23__13[[#This Row],[Month]]="February",2,IF(All_India_Index_Upto_April23__13[[#This Row],[Month]]="March",3,IF(All_India_Index_Upto_April23__13[[#This Row],[Month]]="Marcrh",3,IF(All_India_Index_Upto_April23__13[[#This Row],[Month]]="April",4,IF(All_India_Index_Upto_April23__13[[#This Row],[Month]]="May",5,IF(All_India_Index_Upto_April23__13[[#This Row],[Month]]="June",6,IF(All_India_Index_Upto_April23__13[[#This Row],[Month]]="July",7,IF(All_India_Index_Upto_April23__13[[#This Row],[Month]]="August",8,IF(All_India_Index_Upto_April23__13[[#This Row],[Month]]="September",9,IF(All_India_Index_Upto_April23__13[[#This Row],[Month]]="October",10,IF(All_India_Index_Upto_April23__13[[#This Row],[Month]]="November",11,IF(All_India_Index_Upto_April23__13[[#This Row],[Month]]="December",12))))))))))))) -> 1
A3: Urban | B3: 2013 | C3: January | D3: =DATE(All_India_Index_Upto_April23__13[[#This Row],[Year]],All_India_Index_Upto_April23__13[[#This Row],[Month Number]],1) -> 41275 | E3: =IF(All_India_Index_Upto_April23__13[[#This Row],[Date]]<DATE(2020, 3, 1),"Pre-COVID","Post-COVID") -> Pre-COVID | F3: 110.5 | G3: 109.1 | H3: 113 | I3: 103.6 | J3: 103.4 | K3: 102.3 | L3: 102.9 | M3: 105.8 | N3: 105.1 | O3: 101.8 | P3: 105.1 | Q3: 107.9 | R3: 105.9 | S3: 105.2 | T3: 105.9 | U3: 105 | V3: 105.8 | W3: 100.3 | X3: 105.4 | Y3: 104.8 | Z3: 104.1 | AA3: 103.2 | AB3: 102.9 | AC3: 103.5 | AD3: 104.3 | AE3: 103.7 | AF3: 104 | AG3: =IF(All_India_Index_Upto_April23__13[[#This Row],[Month]] = "January", 1,IF(All_India_Index_Upto_April23__13[[#This Row],[Month]]="February",2,IF(All_India_Index_Upto_April23__13[[#This Row],[Month]]="March",3,IF(All_India_Index_Upto_April23__13[[#This Row],[Month]]="Marcrh",3,IF(All_India_Index_Upto_April23__13[[#This Row],[Month]]="April",4,IF(All_India_Index_Upto_April23__13[[#This Row],[Month]]="May",5,IF(All_India_Index_Upto_April23__13[[#This Row],[Month]]="June",6,IF(All_India_Index_Upto_April23__13[[#This Row],[Month]]="July",7,IF(All_India_Index_Upto_April23__13[[#This Row],[Month]]="August",8,IF(All_India_Index_Upto_April23__13[[#This Row],[Month]]="September",9,IF(All_India_Index_Upto_April23__13[[#This Row],[Month]]="October",10,IF(All_India_Index_Upto_April23__13[[#This Row],[Month]]="November",11,IF(All_India_Index_Upto_April23__13[[#This Row],[Month]]="December",12))))))))))))) -> 1
A4: Rural+Urban | B4: 2021 | C4: January | D4: =DATE(All_India_Index_Upto_April23__13[[#This Row],[Year]],All_India_Index_Upto_April23__13[[#This Row],[Month Number]],1) -> 44197 | E4: =IF(All_India_Index_Upto_April23__13[[#This Row],[Date]]<DATE(2020, 3, 1),"Pre-COVID","Post-COVID") -> Post-COVID | F4: 144.9 | G4: 190.1 | H4: 175.3 | I4: 154.1 | J4: 150.9 | K4: 149.6 | L4: 194.2 | M4: 160.4 | N4: 114.6 | O4: 164 | P4: 151.8 | Q4: 165.6 | R4: 161 | S4: 186.5 | T4: 155.5 | U4: 146.1 | V4: 154.2 | W4: 157.7 | X4: 147.9 | Y4: 150 | Z4: 159.3 | AA4: 141.9 | AB4: 149.6 | AC4: 159.2 | AD4: 156.8 | AE4: 151.9 | AF4: 157.3 | AG4: =IF(All_India_Index_Upto_April23__13[[#This Row],[Month]] = "January", 1,IF(All_India_Index_Upto_April23__13[[#This Row],[Month]]="February",2,IF(All_India_Index_Upto_April23__13[[#This Row],[Month]]="March",3,IF(All_India_Index_Upto_April23__13[[#This Row],[Month]]="Marcrh",3,IF(All_India_Index_Upto_April23__13[[#This Row],[Month]]="April",4,IF(All_India_Index_Upto_April23__13[[#This Row],[Month]]="May",5,IF(All_India_Index_Upto_April23__13[[#This Row],[Month]]="June",6,IF(All_India_Index_Upto_April23__13[[#This Row],[Month]]="July",7,IF(All_India_Index_Upto_April23__13[[#This Row],[Month]]="August",8,IF(All_India_Index_Upto_April23__13[[#This Row],[Month]]="September",9,IF(All_India_Index_Upto_April23__13[[#This Row],[Month]]="October",10,IF(All_India_Index_Upto_April23__13[[#This Row],[Month]]="November",11,IF(All_India_Index_Upto_April23__13[[#This Row],[Month]]="December",12))))))))))))) -> 1
A5: Rural | B5: 2013 | C5: February | D5: =DATE(All_India_Index_Upto_April23__13[[#This Row],[Year]],All_India_Index_Upto_April23__13[[#This Row],[Month Number]],1) -> 41306 | E5: =IF(All_India_Index_Upto_April23__13[[#This Row],[Date]]<DATE(2020, 3, 1),"Pre-COVID","Post-COVID") -> Pre-COVID | F5: 108.4 | G5: 108.7 | H5: 110.2 | I5: 105.4 | J5: 106.7 | K5: 104 | L5: 102.4 | M5: 105.9 | N5: 105.7 | O5: 103.1 | P5: 105.1 | Q5: 107.7 | R5: 106.3 | S5: 105.6 | T5: 107.1 | U5: 106.3 | V5: 107 | W5: 141 | X5: 106.2 | Y5: 105.2 | Z5: 104.4 | AA5: 103.9 | AB5: 104 | AC5: 104.1 | AD5: 104.6 | AE5: 104.4 | AF5: 105.8 | AG5: =IF(All_India_Index_Upto_April23__13[[#This Row],[Month]] = "January", 1,IF(All_India_Index_Upto_April23__13[[#This Row],[Month]]="February",2,IF(All_India_Index_Upto_April23__13[[#This Row],[Month]]="March",3,IF(All_India_Index_Upto_April23__13[[#This Row],[Month]]="Marcrh",3,IF(All_India_Index_Upto_April23__13[[#This Row],[Month]]="April",4,IF(All_India_Index_Upto_April23__13[[#This Row],[Month]]="May",5,IF(All_India_Index_Upto_April23__13[[#This Row],[Month]]="June",6,IF(All_India_Index_Upto_April23__13[[#This Row],[Month]]="July",7,IF(All_India_Index_Upto_April23__13[[#This Row],[Month]]="August",8,IF(All_India_Index_Upto_April23__13[[#This Row],[Month]]="September",9,IF(All_India_Index_Upto_April23__13[[#This Row],[Month]]="October",10,IF(All_India_Index_Upto_April23__13[[#This Row],[Month]]="November",11,IF(All_India_Index_Upto_April23__13[[#This Row],[Month]]="December",12))))))))))))) -> 2
A6: Urban | B6: 2013 | C6: February | D6: =DATE(All_India_Index_Upto_April23__13[[#This Row],[Year]],All_India_Index_Upto_April23__13[[#This Row],[Month Number]],1) -> 41306 | E6: =IF(All_India_Index_Upto_April23__13[[#This Row],[Date]]<DATE(2020, 3, 1),"Pre-COVID","Post-COVID") -> Pre-COVID | F6: 112.9 | G6: 112.9 | H6: 116.9 | I6: 104 | J6: 103.5 | K6: 103.1 | L6: 104.9 | M6: 104.1 | N6: 103.8 | O6: 102.3 | P6: 106 | Q6: 109 | R6: 107.2 | S6: 106 | T6: 106.6 | U6: 105.5 | V6: 106.4 | W6: 100.4 | X6: 105.7 | Y6: 105.2 | Z6: 104.7 | AA6: 104.4 | AB6: 103.3 | AC6: 103.7 | AD6: 104.3 | AE6: 104.3 | AF6: 104.7 | AG6: =IF(All_India_Index_Upto_April23__13[[#This Row],[Month]] = "January", 1,IF(All_India_Index_Upto_April23__13[[#This Row],[Month]]="February",2,IF(All_India_Index_Upto_April23__13[[#This Row],[Month]]="March",3,IF(All_India_Index_Upto_April23__13[[#This Row],[Month]]="Marcrh",3,IF(All_India_Index_Upto_April23__13[[#This Row],[Month]]="April",4,IF(All_India_Index_Upto_April23__13[[#This Row],[Month]]="May",5,IF(All_India_Index_Upto_April23__13[[#This Row],[Month]]="June",6,IF(All_India_Index_Upto_April23__13[[#This Row],[Month]]="July",7,IF(All_India_Index_Upto_April23__13[[#This Row],[Month]]="August",8,IF(All_India_Index_Upto_April23__13[[#This Row],[Month]]="September",9,IF(All_India_Index_Upto_April23__13[[#This Row],[Month]]="October",10,IF(All_India_Index_Upto_April23__13[[#This Row],[Month]]="November",11,IF(All_India_Index_Upto_April23__13[[#This Row],[Month]]="December",12))))))))))))) -> 2
A7: Rural+Urban | B7: 2021 | C7: February | D7: =DATE(All_India_Index_Upto_April23__13[[#This Row],[Year]],All_India_Index_Upto_April23__13[[#This Row],[Month Number]],1) -> 44228 | E7: =IF(All_India_Index_Upto_April23__13[[#This Row],[Date]]<DATE(2020, 3, 1),"Pre-COVID","Post-COVID") -> Post-COVID | F7: 144.3 | G7: 186.5 | H7: 168.7 | I7: 154.7 | J7: 158.7 | K7: 150.7 | L7: 160 | M7: 158.8 | N7: 112.8 | O7: 164.2 | P7: 155.5 | Q7: 167.5 | R7: 156.9 | S7: 188.3 | T7: 157.2 | U7: 147.4 | V7: 155.8 | W7: 159.8 | X7: 152.4 | Y7: 150.9 | Z7: 161.3 | AA7: 145.1 | AB7: 151.5 | AC7: 159.5 | AD7: 155.8 | AE7: 153.4 | AF7: 156.6 | AG7: =IF(All_India_Index_Upto_April23__13[[#This Row],[Month]] = "January", 1,IF(All_India_Index_Upto_April23__13[[#This Row],[Month]]="February",2,IF(All_India_Index_Upto_April23__13[[#This Row],[Month]]="March",3,IF(All_India_Index_Upto_April23__13[[#This Row],[Month]]="Marcrh",3,IF(All_India_Index_Upto_April23__13[[#This Row],[Month]]="April",4,IF(All_India_Index_Upto_April23__13[[#This Row],[Month]]="May",5,IF(All_India_Index_Upto_April23__13[[#This Row],[Month]]="June",6,IF(All_India_Index_Upto_April23__13[[#This Row],[Month]]="July",7,IF(All_India_Index_Upto_April23__13[[#This Row],[Month]]="August",8,IF(All_India_Index_Upto_April23__13[[#This Row],[Month]]="September",9,IF(All_India_Index_Upto_April23__13[[#This Row],[Month]]="October",10,IF(All_India_Index_Upto_April23__13[[#This Row],[Month]]="November",11,IF(All_India_Index_Upto_April23__13[[#This Row],[Month]]="December",12))))))))))))) -> 2
A8: Rural | B8: 2013 | C8: March | D8: =DATE(All_India_Index_Upto_April23__13[[#This Row],[Year]],All_India_Index_Upto_April23__13[[#This Row],[Month Number]],1) -> 41334 | E8: =IF(All_India_Index_Upto_April23__13[[#This Row],[Date]]<DATE(2020, 3, 1),"Pre-COVID","Post-COVID") -> Pre-COVID | F8: 110.2 | G8: 108.8 | H8: 109.9 | I8: 105.6 | J8: 106.2 | K8: 105.7 | L8: 101.4 | M8: 105.7 | N8: 105 | O8: 103.3 | P8: 105.6 | Q8: 108.2 | R8: 106.6 | S8: 106.5 | T8: 107.6 | U8: 106.8 | V8: 107.5 | W8: 141 | X8: 106.1 | Y8: 105.6 | Z8: 104.7 | AA8: 104.6 | AB8: 104 | AC8: 104.3 | AD8: 104.3 | AE8: 104.6 | AF8: 106 | AG8: =IF(All_India_Index_Upto_April23__13[[#This Row],[Month]] = "January", 1,IF(All_India_Index_Upto_April23__13[[#This Row],[Month]]="February",2,IF(All_India_Index_Upto_April23__13[[#This Row],[Month]]="March",3,IF(All_India_Index_Upto_April23__13[[#This Row],[Month]]="Marcrh",3,IF(All_India_Index_Upto_April23__13[[#This Row],[Month]]="April",4,IF(All_India_Index_Upto_April23__13[[#This Row],[Month]]="May",5,IF(All_India_Index_Upto_April23__13[[#This Row],[Month]]="June",6,IF(All_India_Index_Upto_April23__13[[#This Row],[Month]]="July",7,IF(All_India_Index_Upto_April23__13[[#This Row],[Month]]="August",8,IF(All_India_Index_Upto_April23__13[[#This Row],[Month]]="September",9,IF(All_India_Index_Upto_April23__13[[#This Row],[Month]]="October",10,IF(All_India_Index_Upto_April23__13[[#This Row],[Month]]="November",11,IF(All_India_Index_Upto_April23__13[[#This Row],[Month]]="December",12))))))))))))) -> 3
A9: Urban | B9: 2013 | C9: March | D9: =DATE(All_India_Index_Upto_April23__13[[#This Row],[Year]],All_India_Index_Upto_April23__13[[#This Row],[Month Number]],1) -> 41334 | E9: =IF(All_India_Index_Upto_April23__13[[#This Row],[Date]]<DATE(2020, 3, 1),"Pre-COVID","Post-COVID") -> Pre-COVID | F9: 113.9 | G9: 111.4 | H9: 113.2 | I9: 104.3 | J9: 102.7 | K9: 104.9 | L9: 103.8 | M9: 103.5 | N9: 102.6 | O9: 102.4 | P9: 107 | Q9: 109.8 | R9: 107.3 | S9: 106.8 | T9: 107.2 | U9: 106 | V9: 107 | W9: 100.4 | X9: 106 | Y9: 105.7 | Z9: 105.2 | AA9: 105.5 | AB9: 103.5 | AC9: 103.8 | AD9: 104.2 | AE9: 104.9 | AF9: 105 | AG9: =IF(All_India_Index_Upto_April23__13[[#This Row],[Month]] = "January", 1,IF(All_India_Index_Upto_April23__13[[#This Row],[Month]]="February",2,IF(All_India_Index_Upto_April23__13[[#This Row],[Month]]="March",3,IF(All_India_Index_Upto_April23__13[[#This Row],[Month]]="Marcrh",3,IF(All_India_Index_Upto_April23__13[[#This Row],[Month]]="April",4,IF(All_India_Index_Upto_April23__13[[#This Row],[Month]]="May",5,IF(All_India_Index_Upto_April23__13[[#This Row],[Month]]="June",6,IF(All_India_Index_Upto_April23__13[[#This Row],[Month]]="July",7,IF(All_India_Index_Upto_April23__13[[#This Row],[Month]]="August",8,IF(All_India_Index_Upto_April23__13[[#This Row],[Month]]="September",9,IF(All_India_Index_Upto_April23__13[[#This Row],[Month]]="October",10,IF(All_India_Index_Upto_April23__13[[#This Row],[Month]]="November",11,IF(All_India_Index_Upto_April23__13[[#This Row],[Month]]="December",12))))))))))))) -> 3
A10: Rural+Urban | B10: 2021 | C10: March | D10: =DATE(All_India_Index_Upto_April23__13[[#This Row],[Year]],All_India_Index_Upto_April23__13[[#This Row],[Month Number]],1) -> 44256 | E10: =IF(All_India_Index_Upto_April23__13[[#This Row],[Date]]<DATE(2020, 3, 1),"Pre-COVID","Post-COVID") -> Post-COVID | F10: 144.1 | G10: 192.2 | H10: 163.8 | I10: 154.9 | J10: 163.9 | K10: 153.7 | L10: 149.5 | M10: 159.8 | N10: 112.6 | O10: 163.5 | P10: 156.5 | Q10: 168.2 | R10: 156.7 | S10: 188.1 | T10: 157.8 | U10: 147.9 | V10: 156.4 | W10: 159.9 | X10: 155.5 | Y10: 151.2 | Z10: 161.7 | AA10: 146.2 | AB10: 152.6 | AC10: 160.2 | AD10: 153.8 | AE10: 153.8 | AF10: 156.8 | AG10: =IF(All_India_Index_Upto_April23__13[[#This Row],[Month]] = "January", 1,IF(All_India_Index_Upto_April23__13[[#This Row],[Month]]="February",2,IF(All_India_Index_Upto_April23__13[[#This Row],[Month]]="March",3,IF(All_India_Index_Upto_April23__13[[#This Row],[Month]]="Marcrh",3,IF(All_India_Index_Upto_April23__13[[#This Row],[Month]]="April",4,IF(All_India_Index_Upto_April23__13[[#This Row],[Month]]="May",5,IF(All_India_Index_Upto_April23__13[[#This Row],[Month]]="June",6,IF(All_India_Index_Upto_April23__13[[#This Row],[Month]]="July",7,IF(All_India_Index_Upto_April23__13[[#This Row],[Month]]="August",8,IF(All_India_Index_Upto_April23__13[[#This Row],[Month]]="September",9,IF(All_India_Index_Upto_April23__13[[#This Row],[Month]]="October",10,IF(All_India_Index_Upto_April23__13[[#This Row],[Month]]="November",11,IF(All_India_Index_Upto_April23__13[[#This Row],[Month]]="December",12))))))))))))) -> 3
A11: Rural | B11: 2013 | C11: April | D11: =DATE(All_India_Index_Upto_April23__13[[#This Row],[Year]],All_India_Index_Upto_April23__13[[#This Row],[Month Number]],1) -> 41365 | E11: =IF(All_India_Index_Upto_April23__13[[#This Row],[Date]]<DATE(2020, 3, 1),"Pre-COVID","Post-COVID") -> Pre-COVID | F11: 110.2 | G11: 109.5 | H11: 106.9 | I11: 106.3 | J11: 105.7 | K11: 108.3 | L11: 103.4 | M11: 105.7 | N11: 104.2 | O11: 103.2 | P11: 106.5 | Q11: 108.8 | R11: 107.1 | S11: 107.1 | T11: 108.1 | U11: 107.4 | V11: 108 | W11: 141 | X11: 106.5 | Y11: 106.1 | Z11: 105.1 | AA11: 104.4 | AB11: 104.5 | AC11: 104.8 | AD11: 102.7 | AE11: 104.6 | AF11: 106.4 | AG11: =IF(All_India_Index_Upto_April23__13[[#This Row],[Month]] = "January", 1,IF(All_India_Index_Upto_April23__13[[#This Row],[Month]]="February",2,IF(All_India_Index_Upto_April23__13[[#This Row],[Month]]="March",3,IF(All_India_Index_Upto_April23__13[[#This Row],[Month]]="Marcrh",3,IF(All_India_Index_Upto_April23__13[[#This Row],[Month]]="April",4,IF(All_India_Index_Upto_April23__13[[#This Row],[Month]]="May",5,IF(All_India_Index_Upto_April23__13[[#This Row],[Month]]="June",6,IF(All_India_Index_Upto_April23__13[[#This Row],[Month]]="July",7,IF(All_India_Index_Upto_April23__13[[#This Row],[Month]]="August",8,IF(All_India_Index_Upto_April23__13[[#This Row],[Month]]="September",9,IF(All_India_Index_Upto_April23__13[[#This Row],[Month]]="October",10,IF(All_India_Index_Upto_April23__13[[#This Row],[Month]]="November",11,IF(All_India_Index_Upto_April23__13[[#This Row],[Month]]="December",12))))))))))))) -> 4
A12: Urban | B12: 2013 | C12: April | D12: =DATE(All_India_Index_Upto_April23__13[[#This Row],[Year]],All_India_Index_Upto_April23__13[[#This Row],[Month Number]],1) -> 41365 | E12: =IF(All_India_Index_Upto_April23__13[[#This Row],[Date]]<DATE(2020, 3, 1),"Pre-COVID","Post-COVID") -> Pre-COVID | F12: 114.6 | G12: 113.4 | H12: 106 | I12: 104.7 | J12: 102.1 | K12: 109.5 | L12: 109.7 | M12: 104.6 | N12: 102 | O12: 103.5 | P12: 108.2 | Q12: 110.6 | R12: 108.8 | S12: 108.5 | T12: 107.9 | U12: 106.4 | V12: 107.7 | W12: 100.5 | X12: 106.4 | Y12: 106.5 | Z12: 105.7 | AA12: 105 | AB12: 104 | AC12: 105.2 | AD12: 103.2 | AE12: 105.1 | AF12: 105.7 | AG12: =IF(All_India_Index_Upto_April23__13[[#This Row],[Month]] = "January", 1,IF(All_India_Index_Upto_April23__13[[#This Row],[Month]]="February",2,IF(All_India_Index_Upto_April23__13[[#This Row],[Month]]="March",3,IF(All_India_Index_Upto_April23__13[[#This Row],[Month]]="Marcrh",3,IF(All_India_Index_Upto_April23__13[[#This Row],[Month]]="April",4,IF(All_India_Index_Upto_April23__13[[#This Row],[Month]]="May",5,IF(All_India_Index_Upto_April23__13[[#This Row],[Month]]="June",6,IF(All_India_Index_Upto_April23__13[[#This Row],[Month]]="July",7,IF(All_India_Index_Upto_April23__13[[#This Row],[Month]]="August",8,IF(All_India_Index_Upto_April23__13[[#This Row],[Month]]="September",9,IF(All_India_Index_Upto_April23__13[[#This Row],[Month]]="October",10,IF(All_India_Index_Upto_April23__13[[#This Row],[Month]]="November",11,IF(All_India_Index_Upto_April23__13[[#This Row],[Month]]="December",12))))))))))))) -> 4
A13: Rural+Urban | B13: 2021 | C13: April | D13: =DATE(All_India_Index_Upto_April23__13[[#This Row],[Year]],All_India_Index_Upto_April23__13[[#This Row],[Month Number]],1) -> 44287 | E13: =IF(All_India_Index_Upto_April23__13[[#This Row],[Date]]<DATE(2020, 3, 1),"Pre-COVID","Post-COVID") -> Post-COVID | F13: 144.3 | G13: 198 | H13: 164.6 | I13: 155.4 | J13: 170.1 | K13: 164.4 | L13: 144.1 | M13: 161.7 | N13: 113.1 | O13: 163.9 | P13: 157.6 | Q13: 168.9 | R13: 158 | S13: 188.8 | T13: 158.8 | U13: 148.5 | V13: 157.3 | W13: 161.4 | X13: 155.6 | Y13: 151.8 | Z13: 162.3 | AA13: 146.6 | AB13: 153.2 | AC13: 160.3 | AD13: 155.4 | AE13: 154.4 | AF13: 157.8 | AG13: =IF(All_India_Index_Upto_April23__13[[#This Row],[Month]] = "January", 1,IF(All_India_Index_Upto_April23__13[[#This Row],[Month]]="February",2,IF(All_India_Index_Upto_April23__13[[#This Row],[Month]]="March",3,IF(All_India_Index_Upto_April23__13[[#This Row],[Month]]="Marcrh",3,IF(All_India_Index_Upto_April23__13[[#This Row],[Month]]="April",4,IF(All_India_Index_Upto_April23__13[[#This Row],[Month]]="May",5,IF(All_India_Index_Upto_April23__13[[#This Row],[Month]]="June",6,IF(All_India_Index_Upto_April23__13[[#This Row],[Month]]="July",7,IF(All_India_Index_Upto_April23__13[[#This Row],[Month]]="August",8,IF(All_India_Index_Upto_April23__13[[#This Row],[Month]]="September",9,IF(All_India_Index_Upto_April23__13[[#This Row],[Month]]="October",10,IF(All_India_Index_Upto_April23__13[[#This Row],[Month]]="November",11,IF(All_India_Index_Upto_April23__13[[#This Row],[Month]]="December",12))))))))))))) -> 4
... A111: Urban | B111: 2016 | C111: January | D111: =DATE(All_India_Index_Upto_April23__13[[#This Row],[Year]],All_India_Index_Upto_April23__13[[#This Row],[Month Number]],1) -> 42370 | E111: =IF(All_India_Index_Upto_April23__13[[#This Row],[Date]]<DATE(2020, 3, 1),"Pre-COVID","Post-COVID") -> Pre-COVID | F111: 124.7 | G111: 135.9 | H111: 132 | I111: 129.2 | J111: 109.7 | K111: 119 | L111: 144.1 | M111: 184.2 | N111: 96.7 | O111: 139.5 | P111: 120.5 | Q111: 134.7 | R111: 131.2 | S111: 139.5 | T111: 125.8 | U111: 119.8 | V111: 124.9 | W111: 123.4 | X111: 116.9 | Y111: 121.6 | Z111: 119.1 | AA111: 108.9 | AB111: 118.5 | AC111: 126.4 | AD111: 114 | AE111: 116.8 | AF111: 124.2 | AG111: =IF(All_India_Index_Upto_April23__13[[#This Row],[Month]] = "January", 1,IF(All_India_Index_Upto_April23__13[[#This Row],[Month]]="February",2,IF(All_India_Index_Upto_April23__13[[#This Row],[Month]]="March",3,IF(All_India_Index_Upto_April23__13[[#This Row],[Month]]="Marcrh",3,IF(All_India_Index_Upto_April23__13[[#This Row],[Month]]="April",4,IF(All_India_Index_Upto_April23__13[[#This Row],[Month]]="May",5,IF(All_India_Index_Upto_April23__13[[#This Row],[Month]]="June",6,IF(All_India_Index_Upto_April23__13[[#This Row],[Month]]="July",7,IF(All_India_Index_Upto_April23__13[[#This Row],[Month]]="August",8,IF(All_India_Index_Upto_April23__13[[#This Row],[Month]]="September",9,IF(All_India_Index_Upto_April23__13[[#This Row],[Month]]="October",10,IF(All_India_Index_Upto_April23__13[[#This Row],[Month]]="November",11,IF(All_India_Index_Upto_April23__13[[#This Row],[Month]]="December",12))))))))))))) -> 1
A112: Rural+Urban | B112: 2020 | C112: May | D112: =DATE(All_India_Index_Upto_April23__13[[#This Row],[Year]],All_India_Index_Upto_April23__13[[#This Row],[Month Number]],1) -> 43952 | E112: =IF(All_India_Index_Upto_April23__13[[#This Row],[Date]]<DATE(2020, 3, 1),"Pre-COVID","Post-COVID") -> Post-COVID | F112: =VALUE('Missing Values Handled'!$G$8) -> 135.9 | G112: ='Missing Values Handled'!$H$8 -> 144.2 | H112: ='Missing Values Handled'!$I$8 -> 135.5 | I112: ='Missing Values Handled'!J$8 -> 144.2 | J112: ='Missing Values Handled'!K$8 -> 135.5 | K112: ='Missing Values Handled'!L$8 -> 141 | L112: ='Missing Values Handled'!M$8 -> 135.5 | M112: ='Missing Values Handled'!N$8 -> 141 | N112: ='Missing Values Handled'!O$8 -> 120.5 | O112: ='Missing Values Handled'!P$8 -> 141 | P112: ='Missing Values Handled'!Q$8 -> 144.2 | ... V112: ='Missing Values Handled'!W$8 -> 135.5 | W112: 141 | X112: ='Missing Values Handled'!Y$8 -> 120.5 | Y112: ='Missing Values Handled'!Z$8 -> 144.2 | Z112: ='Missing Values Handled'!AA$8 -> 135.5 | AA112: ='Missing Values Handled'!AB$8 -> 141 | AB112: ='Missing Values Handled'!AC$8 -> 135.5 | AC112: ='Missing Values Handled'!AD$8 -> 141 | AD112: ='Missing Values Handled'!AE$8 -> 144.2 | AE112: ='Missing Values Handled'!AF$8 -> 135.5 | AF112: ='Missing Values Handled'!AG$8 -> 141 | AG112: =IF(All_India_Index_Upto_April23__13[[#This Row],[Month]] = "January", 1,IF(All_India_Index_Upto_April23__13[[#This Row],[Month]]="February",2,IF(All_India_Index_Upto_April23__13[[#This Row],[Month]]="March",3,IF(All_India_Index_Upto_April23__13[[#This Row],[Month]]="Marcrh",3,IF(All_India_Index_Upto_April23__13[[#This Row],[Month]]="April",4,IF(All_India_Index_Upto_April23__13[[#This Row],[Month]]="May",5,IF(All_India_Index_Upto_April23__13[[#This Row],[Month]]="June",6,IF(All_India_Index_Upto_April23__13[[#This Row],[Month]]="July",7,IF(All_India_Index_Upto_April23__13[[#This Row],[Month]]="August",8,IF(All_India_Index_Upto_April23__13[[#This Row],[Month]]="September",9,IF(All_India_Index_Upto_April23__13[[#This Row],[Month]]="October",10,IF(All_India_Index_Upto_April23__13[[#This Row],[Month]]="November",11,IF(All_India_Index_Upto_April23__13[[#This Row],[Month]]="December",12))))))))))))) -> 5
A113: Rural | B113: 2016 | C113: February | D113: =DATE(All_India_Index_Upto_April23__13[[#This Row],[Year]],All_India_Index_Upto_April23__13[[#This Row],[Month Number]],1) -> 42401 | E113: =IF(All_India_Index_Upto_April23__13[[#This Row],[Date]]<DATE(2020, 3, 1),"Pre-COVID","Post-COVID") -> Pre-COVID | F113: 127.1 | G113: 133.7 | H113: 127.7 | I113: 130.7 | J113: 118.5 | K113: 130.4 | L113: 130.9 | M113: 162.8 | N113: 98.7 | O113: 130.6 | P113: 124.8 | Q113: 136.4 | R113: 130.3 | S113: 134.4 | T113: 133.9 | U113: 129.8 | V113: 133.4 | W113: 141 | X113: 127.5 | Y113: 127.1 | Z113: 124.3 | AA113: 113.9 | AB113: 122.3 | AC113: 127.1 | AD113: 116.8 | AE113: 120.9 | AF113: 127.9 | AG113: =IF(All_India_Index_Upto_April23__13[[#This Row],[Month]] = "January", 1,IF(All_India_Index_Upto_April23__13[[#This Row],[Month]]="February",2,IF(All_India_Index_Upto_April23__13[[#This Row],[Month]]="March",3,IF(All_India_Index_Upto_April23__13[[#This Row],[Month]]="Marcrh",3,IF(All_India_Index_Upto_April23__13[[#This Row],[Month]]="April",4,IF(All_India_Index_Upto_April23__13[[#This Row],[Month]]="May",5,IF(All_India_Index_Upto_April23__13[[#This Row],[Month]]="June",6,IF(All_India_Index_Upto_April23__13[[#This Row],[Month]]="July",7,IF(All_India_Index_Upto_April23__13[[#This Row],[Month]]="August",8,IF(All_India_Index_Upto_April23__13[[#This Row],[Month]]="September",9,IF(All_India_Index_Upto_April23__13[[#This Row],[Month]]="October",10,IF(All_India_Index_Upto_April23__13[[#This Row],[Month]]="November",11,IF(All_India_Index_Upto_April23__13[[#This Row],[Month]]="December",12))))))))))))) -> 2
A114: Urban | B114: 2016 | C114: February | D114: =DATE(All_India_Index_Upto_April23__13[[#This Row],[Year]],All_India_Index_Upto_April23__13[[#This Row],[Month Number]],1) -> 42401 | E114: =IF(All_India_Index_Upto_April23__13[[#This Row],[Date]]<DATE(2020, 3, 1),"Pre-COVID","Post-COVID") -> Pre-COVID | F114: 124.8 | G114: 135.1 | H114: 130.3 | I114: 129.6 | J114: 108.4 | K114: 118.6 | L114: 129.2 | M114: 176.4 | N114: 99.1 | O114: 139.7 | P114: 120.6 | Q114: 135.2 | R114: 129.1 | S114: 140 | T114: 126.2 | U114: 120.1 | V114: 125.3 | W114: 124.4 | X114: 116 | Y114: 121.8 | Z114: 119.5 | AA114: 109.1 | AB114: 118.8 | AC114: 126.3 | AD114: 116.2 | AE114: 117.2 | AF114: 123.8 | AG114: =IF(All_India_Index_Upto_April23__13[[#This Row],[Month]] = "January", 1,IF(All_India_Index_Upto_April23__13[[#This Row],[Month]]="February",2,IF(All_India_Index_Upto_April23__13[[#This Row],[Month]]="March",3,IF(All_India_Index_Upto_April23__13[[#This Row],[Month]]="Marcrh",3,IF(All_India_Index_Upto_April23__13[[#This Row],[Month]]="April",4,IF(All_India_Index_Upto_April23__13[[#This Row],[Month]]="May",5,IF(All_India_Index_Upto_April23__13[[#This Row],[Month]]="June",6,IF(All_India_Index_Upto_April23__13[[#This Row],[Month]]="July",7,IF(All_India_Index_Upto_April23__13[[#This Row],[Month]]="August",8,IF(All_India_Index_Upto_April23__13[[#This Row],[Month]]="September",9,IF(All_India_Index_Upto_April23__13[[#This Row],[Month]]="October",10,IF(All_India_Index_Upto_April23__13[[#This Row],[Month]]="November",11,IF(All_India_Index_Upto_April23__13[[#This Row],[Month]]="December",12))))))))))))) -> 2
A115: Rural+Urban | B115: 2020 | C115: April | D115: =DATE(All_India_Index_Upto_April23__13[[#This Row],[Year]],All_India_Index_Upto_April23__13[[#This Row],[Month Number]],1) -> 43922 | E115: =IF(All_India_Index_Upto_April23__13[[#This Row],[Date]]<DATE(2020, 3, 1),"Pre-COVID","Post-COVID") -> Post-COVID | F115: 148.7 | G115: ='Missing Values Handled'!$H$8 -> 144.2 | H115: 148.8 | I115: 155.6 | J115: 135.1 | K115: 149.9 | L115: 168.6 | M115: 150.4 | N115: 120.3 | O115: 157.1 | P115: 136.8 | Q115: ='Missing Values Handled'!R$8 -> 135.5 | R115: 151.4 | S115: ='Missing Values Handled'!T$8 -> 144.2 | T115: ='Missing Values Handled'!U$8 -> 135.5 | U115: ='Missing Values Handled'!V$8 -> 141 | V115: ='Missing Values Handled'!W$8 -> 135.5 | W115: 155.6 | X115: 144.1 | Y115: ='Missing Values Handled'!Z$8 -> 144.2 | Z115: 150.7 | AA115: ='Missing Values Handled'!AB$8 -> 141 | AB115: ='Missing Values Handled'!AC$8 -> 135.5 | AC115: ='Missing Values Handled'!AD$8 -> 141 | AD115: ='Missing Values Handled'!AE$8 -> 144.2 | AE115: ='Missing Values Handled'!AF$8 -> 135.5 | AF115: ='Missing Values Handled'!AG$8 -> 141 | AG115: =IF(All_India_Index_Upto_April23__13[[#This Row],[Month]] = "January", 1,IF(All_India_Index_Upto_April23__13[[#This Row],[Month]]="February",2,IF(All_India_Index_Upto_April23__13[[#This Row],[Month]]="March",3,IF(All_India_Index_Upto_April23__13[[#This Row],[Month]]="Marcrh",3,IF(All_India_Index_Upto_April23__13[[#This Row],[Month]]="April",4,IF(All_India_Index_Upto_April23__13[[#This Row],[Month]]="May",5,IF(All_India_Index_Upto_April23__13[[#This Row],[Month]]="June",6,IF(All_India_Index_Upto_April23__13[[#This Row],[Month]]="July",7,IF(All_India_Index_Upto_April23__13[[#This Row],[Month]]="August",8,IF(All_India_Index_Upto_April23__13[[#This Row],[Month]]="September",9,IF(All_India_Index_Upto_April23__13[[#This Row],[Month]]="October",10,IF(All_India_Index_Upto_April23__13[[#This Row],[Month]]="November",11,IF(All_India_Index_Upto_April23__13[[#This Row],[Month]]="December",12))))))))))))) -> 4
A116: Rural | B116: 2016 | C116: March | D116: =DATE(All_India_Index_Upto_April23__13[[#This Row],[Year]],All_India_Index_Upto_April23__13[[#This Row],[Month Number]],1) -> 42430 | E116: =IF(All_India_Index_Upto_April23__13[[#This Row],[Date]]<DATE(2020, 3, 1),"Pre-COVID","Post-COVID") -> Pre-COVID | F116: 127.3 | G116: 134.4 | H116: 125.1 | I116: 130.5 | J116: 118.3 | K116: 131.7 | L116: 130.7 | M116: 161.2 | N116: 100.4 | O116: 130.8 | P116: 124.9 | Q116: 137 | R116: 130.4 | S116: 135 | T116: 134.4 | U116: 130.2 | V116: 133.8 | W116: 141 | X116: 127 | Y116: 127.7 | Z116: 124.8 | AA116: 113.6 | AB116: 122.5 | AC116: 127.5 | AD116: 117.4 | AE116: 121.1 | AF116: 128 | AG116: =IF(All_India_Index_Upto_April23__13[[#This Row],[Month]] = "January", 1,IF(All_India_Index_Upto_April23__13[[#This Row],[Month]]="February",2,IF(All_India_Index_Upto_April23__13[[#This Row],[Month]]="March",3,IF(All_India_Index_Upto_April23__13[[#This Row],[Month]]="Marcrh",3,IF(All_India_Index_Upto_April23__13[[#This Row],[Month]]="April",4,IF(All_India_Index_Upto_April23__13[[#This Row],[Month]]="May",5,IF(All_India_Index_Upto_April23__13[[#This Row],[Month]]="June",6,IF(All_India_Index_Upto_April23__13[[#This Row],[Month]]="July",7,IF(All_India_Index_Upto_April23__13[[#This Row],[Month]]="August",8,IF(All_India_Index_Upto_April23__13[[#This Row],[Month]]="September",9,IF(All_India_Index_Upto_April23__13[[#This Row],[Month]]="October",10,IF(All_India_Index_Upto_April23__13[[#This Row],[Month]]="November",11,IF(All_India_Index_Upto_April23__13[[#This Row],[Month]]="December",12))))))))))))) -> 3
A117: Urban | B117: 2016 | C117: March | D117: =DATE(All_India_Index_Upto_April23__13[[#This Row],[Year]],All_India_Index_Upto_April23__13[[#This Row],[Month Number]],1) -> 42430 | E117: =IF(All_India_Index_Upto_April23__13[[#This Row],[Date]]<DATE(2020, 3, 1),"Pre-COVID","Post-COVID") -> Pre-COVID | F117: 124.8 | G117: 136.3 | H117: 123.7 | I117: 129.7 | J117: 107.9 | K117: 119.9 | L117: 128.1 | M117: 170.3 | N117: 101.8 | O117: 140.1 | P117: 120.7 | Q117: 135.4 | R117: 128.9 | S117: 140.6 | T117: 126.4 | U117: 120.3 | V117: 125.5 | W117: 124.9 | X117: 114.8 | Y117: 122.3 | Z117: 119.7 | AA117: 108.5 | AB117: 119.1 | AC117: 126.4 | AD117: 117.1 | AE117: 117.3 | AF117: 123.8 | AG117: =IF(All_India_Index_Upto_April23__13[[#This Row],[Month]] = "January", 1,IF(All_India_Index_Upto_April23__13[[#This Row],[Month]]="February",2,IF(All_India_Index_Upto_April23__13[[#This Row],[Month]]="March",3,IF(All_India_Index_Upto_April23__13[[#This Row],[Month]]="Marcrh",3,IF(All_India_Index_Upto_April23__13[[#This Row],[Month]]="April",4,IF(All_India_Index_Upto_April23__13[[#This Row],[Month]]="May",5,IF(All_India_Index_Upto_April23__13[[#This Row],[Month]]="June",6,IF(All_India_Index_Upto_April23__13[[#This Row],[Month]]="July",7,IF(All_India_Index_Upto_April23__13[[#This Row],[Month]]="August",8,IF(All_India_Index_Upto_April23__13[[#This Row],[Month]]="September",9,IF(All_India_Index_Upto_April23__13[[#This Row],[Month]]="October",10,IF(All_India_Index_Upto_April23__13[[#This Row],[Month]]="November",11,IF(All_India_Index_Upto_April23__13[[#This Row],[Month]]="December",12))))))))))))) -> 3
A118: Rural+Urban | B118: 2020 | C118: March | D118: =DATE(All_India_Index_Upto_April23__13[[#This Row],[Year]],All_India_Index_Upto_April23__13[[#This Row],[Month Number]],1) -> 43891 | E118: =IF(All_India_Index_Upto_April23__13[[#This Row],[Date]]<DATE(2020, 3, 1),"Pre-COVID","Post-COVID") -> Post-COVID | F118: 145.1 | G118: 167 | H118: 148.1 | I118: 151.5 | J118: 131.2 | K118: 142.5 | L118: 157.3 | M118: 141.1 | N118: 113.2 | O118: 153.2 | P118: 136.7 | Q118: 159.6 | R118: 148.9 | S118: 171.2 | T118: 151.2 | U118: 141.9 | V118: 149.8 | W118: 154.5 | X118: 148.9 | Y118: 146.4 | Z118: 152.3 | AA118: 129.9 | AB118: 143.7 | AC118: 156.1 | AD118: 145.2 | AE118: 143.8 | AF118: 148.6 | AG118: =IF(All_India_Index_Upto_April23__13[[#This Row],[Month]] = "January", 1,IF(All_India_Index_Upto_April23__13[[#This Row],[Month]]="February",2,IF(All_India_Index_Upto_April23__13[[#This Row],[Month]]="March",3,IF(All_India_Index_Upto_April23__13[[#This Row],[Month]]="Marcrh",3,IF(All_India_Index_Upto_April23__13[[#This Row],[Month]]="April",4,IF(All_India_Index_Upto_April23__13[[#This Row],[Month]]="May",5,IF(All_India_Index_Upto_April23__13[[#This Row],[Month]]="June",6,IF(All_India_Index_Upto_April23__13[[#This Row],[Month]]="July",7,IF(All_India_Index_Upto_April23__13[[#This Row],[Month]]="August",8,IF(All_India_Index_Upto_April23__13[[#This Row],[Month]]="September",9,IF(All_India_Index_Upto_April23__13[[#This Row],[Month]]="October",10,IF(All_India_Index_Upto_April23__13[[#This Row],[Month]]="November",11,IF(All_India_Index_Upto_April23__13[[#This Row],[Month]]="December",12))))))))))))) -> 3
A119: Rural | B119: 2016 | C119: April | D119: =DATE(All_India_Index_Upto_April23__13[[#This Row],[Year]],All_India_Index_Upto_April23__13[[#This Row],[Month Number]],1) -> 42461 | E119: =IF(All_India_Index_Upto_April23__13[[#This Row],[Date]]<DATE(2020, 3, 1),"Pre-COVID","Post-COVID") -> Pre-COVID | F119: 127.4 | G119: 135.4 | H119: 123.4 | I119: 131.3 | J119: 118.2 | K119: 138.1 | L119: 134.1 | M119: 162.7 | N119: 105 | O119: 131.4 | P119: 125.4 | Q119: 137.4 | R119: 131.8 | S119: 135.5 | T119: 135 | U119: 130.6 | V119: 134.4 | W119: 141 | X119: 127 | Y119: 128 | Z119: 125.2 | AA119: 114.4 | AB119: 123.2 | AC119: 127.9 | AD119: 118.4 | AE119: 121.7 | AF119: 129 | AG119: =IF(All_India_Index_Upto_April23__13[[#This Row],[Month]] = "January", 1,IF(All_India_Index_Upto_April23__13[[#This Row],[Month]]="February",2,IF(All_India_Index_Upto_April23__13[[#This Row],[Month]]="March",3,IF(All_India_Index_Upto_April23__13[[#This Row],[Month]]="Marcrh",3,IF(All_India_Index_Upto_April23__13[[#This Row],[Month]]="April",4,IF(All_India_Index_Upto_April23__13[[#This Row],[Month]]="May",5,IF(All_India_Index_Upto_April23__13[[#This Row],[Month]]="June",6,IF(All_India_Index_Upto_April23__13[[#This Row],[Month]]="July",7,IF(All_India_Index_Upto_April23__13[[#This Row],[Month]]="August",8,IF(All_India_Index_Upto_April23__13[[#This Row],[Month]]="September",9,IF(All_India_Index_Upto_April23__13[[#This Row],[Month]]="October",10,IF(All_India_Index_Upto_April23__13[[#This Row],[Month]]="November",11,IF(All_India_Index_Upto_April23__13[[#This Row],[Month]]="December",12))))))))))))) -> 4
A120: Urban | B120: 2016 | C120: April | D120: =DATE(All_India_Index_Upto_April23__13[[#This Row],[Year]],All_India_Index_Upto_April23__13[[#This Row],[Month Number]],1) -> 42461 | E120: =IF(All_India_Index_Upto_April23__13[[#This Row],[Date]]<DATE(2020, 3, 1),"Pre-COVID","Post-COVID") -> Pre-COVID | F120: 124.9 | G120: 139.3 | H120: 119.9 | I120: 130.2 | J120: 108.9 | K120: 131.1 | L120: 136.8 | M120: 176.9 | N120: 109.1 | O120: 140.4 | P120: 121.1 | Q120: 135.9 | R120: 131.8 | S120: 141.5 | T120: 126.8 | U120: 120.5 | V120: 125.8 | W120: 125.6 | X120: 114.6 | Y120: 122.8 | Z120: 120 | AA120: 110 | AB120: 119.5 | AC120: 127.6 | AD120: 117.6 | AE120: 118.2 | AF120: 125.3 | AG120: =IF(All_India_Index_Upto_April23__13[[#This Row],[Month]] = "January", 1,IF(All_India_Index_Upto_April23__13[[#This Row],[Month]]="February",2,IF(All_India_Index_Upto_April23__13[[#This Row],[Month]]="March",3,IF(All_India_Index_Upto_April23__13[[#This Row],[Month]]="Marcrh",3,IF(All_India_Index_Upto_April23__13[[#This Row],[Month]]="April",4,IF(All_India_Index_Upto_April23__13[[#This Row],[Month]]="May",5,IF(All_India_Index_Upto_April23__13[[#This Row],[Month]]="June",6,IF(All_India_Index_Upto_April23__13[[#This Row],[Month]]="July",7,IF(All_India_Index_Upto_April23__13[[#This Row],[Month]]="August",8,IF(All_India_Index_Upto_April23__13[[#This Row],[Month]]="September",9,IF(All_India_Index_Upto_April23__13[[#This Row],[Month]]="October",10,IF(All_India_Index_Upto_April23__13[[#This Row],[Month]]="November",11,IF(All_India_Index_Upto_April23__13[[#This Row],[Month]]="December",12))))))))))))) -> 4
A121: Rural+Urban | B121: 2020 | C121: February | D121: =DATE(All_India_Index_Upto_April23__13[[#This Row],[Year]],All_India_Index_Upto_April23__13[[#This Row],[Month Number]],1) -> 43862 | E121: =IF(All_India_Index_Upto_April23__13[[#This Row],[Date]]<DATE(2020, 3, 1),"Pre-COVID","Post-COVID") -> Pre-COVID | F121: 144.8 | G121: 167.5 | H121: 151.8 | I121: 150.8 | J121: 131.4 | K121: 141.8 | L121: 170.7 | M121: 141.1 | N121: 113.6 | O121: 152 | P121: 136.5 | Q121: 159.1 | R121: 150.5 | S121: 170.1 | T121: 150.8 | U121: 141.7 | V121: 149.5 | W121: 154.8 | X121: 147.2 | Y121: 146.4 | Z121: 151.7 | AA121: 130.3 | AB121: 143.2 | AC121: 156.2 | AD121: 143.4 | AE121: 143.6 | AF121: 149.1 | AG121: =IF(All_India_Index_Upto_April23__13[[#This Row],[Month]] = "January", 1,IF(All_India_Index_Upto_April23__13[[#This Row],[Month]]="February",2,IF(All_India_Index_Upto_April23__13[[#This Row],[Month]]="March",3,IF(All_India_Index_Upto_April23__13[[#This Row],[Month]]="Marcrh",3,IF(All_India_Index_Upto_April23__13[[#This Row],[Month]]="April",4,IF(All_India_Index_Upto_April23__13[[#This Row],[Month]]="May",5,IF(All_India_Index_Upto_April23__13[[#This Row],[Month]]="June",6,IF(All_India_Index_Upto_April23__13[[#This Row],[Month]]="July",7,IF(All_India_Index_Upto_April23__13[[#This Row],[Month]]="August",8,IF(All_India_Index_Upto_April23__13[[#This Row],[Month]]="September",9,IF(All_India_Index_Upto_April23__13[[#This Row],[Month]]="October",10,IF(All_India_Index_Upto_April23__13[[#This Row],[Month]]="November",11,IF(All_India_Index_Upto_April23__13[[#This Row],[Month]]="December",12))))))))))))) -> 2
A122: Rural | B122: 2016 | C122: May | D122: =DATE(All_India_Index_Upto_April23__13[[#This Row],[Year]],All_India_Index_Upto_April23__13[[#This Row],[Month Number]],1) -> 42491 | E122: =IF(All_India_Index_Upto_April23__13[[#This Row],[Date]]<DATE(2020, 3, 1),"Pre-COVID","Post-COVID") -> Pre-COVID | F122: 127.6 | G122: 137.5 | H122: 124.4 | I122: 132.4 | J122: 118.2 | K122: 138.1 | L122: 141.8 | M122: 166 | N122: 107.5 | O122: 132.2 | P122: 126.1 | Q122: 138.3 | R122: 133.6 | S122: 136 | T122: 135.4 | U122: 131.1 | V122: 134.8 | W122: 141 | X122: 127.4 | Y122: 128.5 | Z122: 125.8 | AA122: 115.1 | AB122: 123.6 | AC122: 129.1 | AD122: 119.7 | AE122: 122.5 | AF122: 130.3 | AG122: =IF(All_India_Index_Upto_April23__13[[#This Row],[Month]] = "January", 1,IF(All_India_Index_Upto_April23__13[[#This Row],[Month]]="February",2,IF(All_India_Index_Upto_April23__13[[#This Row],[Month]]="March",3,IF(All_India_Index_Upto_April23__13[[#This Row],[Month]]="Marcrh",3,IF(All_India_Index_Upto_April23__13[[#This Row],[Month]]="April",4,IF(All_India_Index_Upto_April23__13[[#This Row],[Month]]="May",5,IF(All_India_Index_Upto_April23__13[[#This Row],[Month]]="June",6,IF(All_India_Index_Upto_April23__13[[#This Row],[Month]]="July",7,IF(All_India_Index_Upto_April23__13[[#This Row],[Month]]="August",8,IF(All_India_Index_Upto_April23__13[[#This Row],[Month]]="September",9,IF(All_India_Index_Upto_April23__13[[#This Row],[Month]]="October",10,IF(All_India_Index_Upto_April23__13[[#This Row],[Month]]="November",11,IF(All_India_Index_Upto_April23__13[[#This Row],[Month]]="December",12))))))))))))) -> 5
A123: Urban | B123: 2016 | C123: May | D123: =DATE(All_India_Index_Upto_April23__13[[#This Row],[Year]],All_India_Index_Upto_April23__13[[#This Row],[Month Number]],1) -> 42491 | E123: =IF(All_India_Index_Upto_April23__13[[#This Row],[Date]]<DATE(2020, 3, 1),"Pre-COVID","Post-COVID") -> Pre-COVID | F123: 125 | G123: 142.1 | H123: 127 | I123: 130.4 | J123: 109.6 | K123: 133.5 | L123: 151.4 | M123: 182.8 | N123: 111.1 | O123: 141.5 | P123: 121.5 | Q123: 136.3 | R123: 134.6 | S123: 142.2 | T123: 127.2 | U123: 120.7 | V123: 126.2 | W123: 126 | X123: 115 | Y123: 123.2 | Z123: 120.3 | AA123: 110.7 | AB123: 119.8 | AC123: 128 | AD123: 118.5 | AE123: 118.7 | AF123: 126.6 | AG123: =IF(All_India_Index_Upto_April23__13[[#This Row],[Month]] = "January", 1,IF(All_India_Index_Upto_April23__13[[#This Row],[Month]]="February",2,IF(All_India_Index_Upto_April23__13[[#This Row],[Month]]="March",3,IF(All_India_Index_Upto_April23__13[[#This Row],[Month]]="Marcrh",3,IF(All_India_Index_Upto_April23__13[[#This Row],[Month]]="April",4,IF(All_India_Index_Upto_April23__13[[#This Row],[Month]]="May",5,IF(All_India_Index_Upto_April23__13[[#This Row],[Month]]="June",6,IF(All_India_Index_Upto_April23__13[[#This Row],[Month]]="July",7,IF(All_India_Index_Upto_April23__13[[#This Row],[Month]]="August",8,IF(All_India_Index_Upto_April23__13[[#This Row],[Month]]="September",9,IF(All_India_Index_Upto_April23__13[[#This Row],[Month]]="October",10,IF(All_India_Index_Upto_April23__13[[#This Row],[Month]]="November",11,IF(All_India_Index_Upto_April23__13[[#This Row],[Month]]="December",12))))))))))))) -> 5
A124: Rural+Urban | B124: 2020 | C124: January | D124: =DATE(All_India_Index_Upto_April23__13[[#This Row],[Year]],All_India_Index_Upto_April23__13[[#This Row],[Month Number]],1) -> 43831 | E124: =IF(All_India_Index_Upto_April23__13[[#This Row],[Date]]<DATE(2020, 3, 1),"Pre-COVID","Post-COVID") -> Pre-COVID | F124: 144.3 | G124: 167.4 | H124: 154.9 | I124: 150.1 | J124: 129.9 | K124: 143.2 | L124: 197 | M124: 140.4 | N124: 114.1 | O124: 150.9 | P124: 136.1 | Q124: 158.6 | R124: 153.5 | S124: 169.2 | T124: 150.5 | U124: 141.5 | V124: 149.2 | W124: 153.9 | X124: 144.6 | Y124: 146.2 | Z124: 151.2 | AA124: 130.9 | AB124: 142.8 | AC124: 156.1 | AD124: 142.3 | AE124: 143.4 | AF124: 150.2 | AG124: =IF(All_India_Index_Upto_April23__13[[#This Row],[Month]] = "January", 1,IF(All_India_Index_Upto_April23__13[[#This Row],[Month]]="February",2,IF(All_India_Index_Upto_April23__13[[#This Row],[Month]]="March",3,IF(All_India_Index_Upto_April23__13[[#This Row],[Month]]="Marcrh",3,IF(All_India_Index_Upto_April23__13[[#This Row],[Month]]="April",4,IF(All_India_Index_Upto_April23__13[[#This Row],[Month]]="May",5,IF(All_India_Index_Upto_April23__13[[#This Row],[Month]]="June",6,IF(All_India_Index_Upto_April23__13[[#This Row],[Month]]="July",7,IF(All_India_Index_Upto_April23__13[[#This Row],[Month]]="August",8,IF(All_India_Index_Upto_April23__13[[#This Row],[Month]]="September",9,IF(All_India_Index_Upto_April23__13[[#This Row],[Month]]="October",10,IF(All_India_Index_Upto_April23__13[[#This Row],[Month]]="November",11,IF(All_India_Index_Upto_April23__13[[#This Row],[Month]]="December",12))))))))))))) -> 1
A125: Rural | B125: 2016 | C125: June | D125: =DATE(All_India_Index_Upto_April23__13[[#This Row],[Year]],All_India_Index_Upto_April23__13[[#This Row],[Month Number]],1) -> 42522 | E125: =IF(All_India_Index_Upto_April23__13[[#This Row],[Date]]<DATE(2020, 3, 1),"Pre-COVID","Post-COVID") -> Pre-COVID | F125: 128.6 | G125: 138.6 | H125: 126.6 | I125: 133.6 | J125: 118.6 | K125: 137.4 | L125: 152.5 | M125: 169.2 | N125: 108.8 | O125: 133.1 | P125: 126.4 | Q125: 139.2 | R125: 136 | S125: 137.2 | T125: 136.3 | U125: 131.6 | V125: 135.6 | W125: 141 | X125: 128 | Y125: 129.3 | Z125: 126.2 | AA125: 116.3 | AB125: 124.1 | AC125: 130.2 | AD125: 119.9 | AE125: 123.3 | AF125: 131.9 | AG125: =IF(All_India_Index_Upto_April23__13[[#This Row],[Month]] = "January", 1,IF(All_India_Index_Upto_April23__13[[#This Row],[Month]]="February",2,IF(All_India_Index_Upto_April23__13[[#This Row],[Month]]="March",3,IF(All_India_Index_Upto_April23__13[[#This Row],[Month]]="Marcrh",3,IF(All_India_Index_Upto_April23__13[[#This Row],[Month]]="April",4,IF(All_India_Index_Upto_April23__13[[#This Row],[Month]]="May",5,IF(All_India_Index_Upto_April23__13[[#This Row],[Month]]="June",6,IF(All_India_Index_Upto_April23__13[[#This Row],[Month]]="July",7,IF(All_India_Index_Upto_April23__13[[#This Row],[Month]]="August",8,IF(All_India_Index_Upto_April23__13[[#This Row],[Month]]="September",9,IF(All_India_Index_Upto_April23__13[[#This Row],[Month]]="October",10,IF(All_India_Index_Upto_April23__13[[#This Row],[Month]]="November",11,IF(All_India_Index_Upto_April23__13[[#This Row],[Month]]="December",12))))))))))))) -> 6
A126: Urban | B126: 2016 | C126: June | D126: =DATE(All_India_Index_Upto_April23__13[[#This Row],[Year]],All_India_Index_Upto_April23__13[[#This Row],[Month Number]],1) -> 42522 | E126: =IF(All_India_Index_Upto_April23__13[[#This Row],[Date]]<DATE(2020, 3, 1),"Pre-COVID","Post-COVID") -> Pre-COVID | F126: 125.9 | G126: 143.9 | H126: 130.9 | I126: 131 | J126: 110.2 | K126: 135.5 | L126: 173.7 | M126: 184.4 | N126: 112 | O126: 142.8 | P126: 121.6 | Q126: 136.9 | R126: 138.2 | S126: 142.7 | T126: 127.6 | U126: 121.1 | V126: 126.6 | W126: 125.5 | X126: 115.5 | Y126: 123.2 | Z126: 120.6 | AA126: 112.3 | AB126: 119.9 | AC126: 129.3 | AD126: 118.8 | AE126: 119.6 | AF126: 128.1 | AG126: =IF(All_India_Index_Upto_April23__13[[#This Row],[Month]] = "January", 1,IF(All_India_Index_Upto_April23__13[[#This Row],[Month]]="February",2,IF(All_India_Index_Upto_April23__13[[#This Row],[Month]]="March",3,IF(All_India_Index_Upto_April23__13[[#This Row],[Month]]="Marcrh",3,IF(All_India_Index_Upto_April23__13[[#This Row],[Month]]="April",4,IF(All_India_Index_Upto_April23__13[[#This Row],[Month]]="May",5,IF(All_India_Index_Upto_April23__13[[#This Row],[Month]]="June",6,IF(All_India_Index_Upto_April23__13[[#This Row],[Month]]="July",7,IF(All_India_Index_Upto_April23__13[[#This Row],[Month]]="August",8,IF(All_India_Index_Upto_April23__13[[#This Row],[Month]]="September",9,IF(All_India_Index_Upto_April23__13[[#This Row],[Month]]="October",10,IF(All_India_Index_Upto_April23__13[[#This Row],[Month]]="November",11,IF(All_India_Index_Upto_April23__13[[#This Row],[Month]]="December",12))))))))))))) -> 6
A127: Rural+Urban | B127: 2019 | C127: December | D127: =DATE(All_India_Index_Upto_April23__13[[#This Row],[Year]],All_India_Index_Upto_April23__13[[#This Row],[Month Number]],1) -> 43800 | E127: =IF(All_India_Index_Upto_April23__13[[#This Row],[Date]]<DATE(2020, 3, 1),"Pre-COVID","Post-COVID") -> Pre-COVID | F127: 143.5 | G127: 165 | H127: 151.1 | I127: 148.3 | J127: 125.7 | K127: 145.7 | L127: 217 | M127: 138.3 | N127: 114 | O127: 148.7 | P127: 135.8 | Q127: 158 | R127: 155 | S127: 168.5 | T127: 150.3 | U127: 141.3 | V127: 149 | W127: 152.8 | X127: 143.7 | Y127: 145.8 | Z127: 150.4 | AA127: 129.8 | AB127: 142.3 | AC127: 155.7 | AD127: 140.4 | AE127: 142.5 | AF127: 150.4 | AG127: =IF(All_India_Index_Upto_April23__13[[#This Row],[Month]] = "January", 1,IF(All_India_Index_Upto_April23__13[[#This Row],[Month]]="February",2,IF(All_India_Index_Upto_April23__13[[#This Row],[Month]]="March",3,IF(All_India_Index_Upto_April23__13[[#This Row],[Month]]="Marcrh",3,IF(All_India_Index_Upto_April23__13[[#This Row],[Month]]="April",4,IF(All_India_Index_Upto_April23__13[[#This Row],[Month]]="May",5,IF(All_India_Index_Upto_April23__13[[#This Row],[Month]]="June",6,IF(All_India_Index_Upto_April23__13[[#This Row],[Month]]="July",7,IF(All_India_Index_Upto_April23__13[[#This Row],[Month]]="August",8,IF(All_India_Index_Upto_April23__13[[#This Row],[Month]]="September",9,IF(All_India_Index_Upto_April23__13[[#This Row],[Month]]="October",10,IF(All_India_Index_Upto_April23__13[[#This Row],[Month]]="November",11,IF(All_India_Index_Upto_April23__13[[#This Row],[Month]]="December",12))))))))))))) -> 12
... A259: Rural+Urban | B259: 2016 | C259: March | D259: =DATE(All_India_Index_Upto_April23__13[[#This Row],[Year]],All_India_Index_Upto_April23__13[[#This Row],[Month Number]],1) -> 42430 | E259: =IF(All_India_Index_Upto_April23__13[[#This Row],[Date]]<DATE(2020, 3, 1),"Pre-COVID","Post-COVID") -> Pre-COVID | F259: 126.5 | G259: 135.1 | H259: 124.6 | I259: 130.2 | J259: 114.5 | K259: 126.2 | L259: 129.8 | M259: 164.3 | N259: 100.9 | O259: 133.9 | P259: 123.1 | Q259: 136.3 | R259: 129.8 | S259: 136.5 | T259: 131.3 | U259: 126.1 | V259: 130.5 | W259: 124.9 | X259: 122.4 | Y259: 125.1 | Z259: 122.9 | AA259: 110.9 | AB259: 120.6 | AC259: 126.9 | AD259: 117.3 | AE259: 119.3 | AF259: 126 | AG259: =IF(All_India_Index_Upto_April23__13[[#This Row],[Month]] = "January", 1,IF(All_India_Index_Upto_April23__13[[#This Row],[Month]]="February",2,IF(All_India_Index_Upto_April23__13[[#This Row],[Month]]="March",3,IF(All_India_Index_Upto_April23__13[[#This Row],[Month]]="Marcrh",3,IF(All_India_Index_Upto_April23__13[[#This Row],[Month]]="April",4,IF(All_India_Index_Upto_April23__13[[#This Row],[Month]]="May",5,IF(All_India_Index_Upto_April23__13[[#This Row],[Month]]="June",6,IF(All_India_Index_Upto_April23__13[[#This Row],[Month]]="July",7,IF(All_India_Index_Upto_April23__13[[#This Row],[Month]]="August",8,IF(All_India_Index_Upto_April23__13[[#This Row],[Month]]="September",9,IF(All_India_Index_Upto_April23__13[[#This Row],[Month]]="October",10,IF(All_India_Index_Upto_April23__13[[#This Row],[Month]]="November",11,IF(All_India_Index_Upto_April23__13[[#This Row],[Month]]="December",12))))))))))))) -> 3
A260: Rural | B260: 2020 | C260: April | D260: =DATE(All_India_Index_Upto_April23__13[[#This Row],[Year]],All_India_Index_Upto_April23__13[[#This Row],[Month Number]],1) -> 43922 | E260: =IF(All_India_Index_Upto_April23__13[[#This Row],[Date]]<DATE(2020, 3, 1),"Pre-COVID","Post-COVID") -> Post-COVID | F260: 147.2 | G260: ='Missing Values Handled'!$H$8 -> 144.2 | H260: 146.9 | I260: 155.6 | J260: 137.1 | K260: 147.3 | L260: 162.7 | M260: 150.2 | N260: 119.8 | O260: 158.7 | P260: 139.2 | Q260: ='Missing Values Handled'!R$8 -> 135.5 | R260: 150.1 | S260: ='Missing Values Handled'!T$8 -> 144.2 | T260: ='Missing Values Handled'!U$8 -> 135.5 | U260: ='Missing Values Handled'!V$8 -> 141 | V260: ='Missing Values Handled'!W$8 -> 135.5 | W260: 141 | X260: 148.4 | Y260: ='Missing Values Handled'!Z$8 -> 144.2 | Z260: 154.3 | AA260: ='Missing Values Handled'!AB$8 -> 141 | AB260: ='Missing Values Handled'!AC$8 -> 135.5 | AC260: ='Missing Values Handled'!AD$8 -> 141 | AD260: ='Missing Values Handled'!AE$8 -> 144.2 | AE260: ='Missing Values Handled'!AF$8 -> 135.5 | AF260: ='Missing Values Handled'!AG$8 -> 141 | AG260: =IF(All_India_Index_Upto_April23__13[[#This Row],[Month]] = "January", 1,IF(All_India_Index_Upto_April23__13[[#This Row],[Month]]="February",2,IF(All_India_Index_Upto_April23__13[[#This Row],[Month]]="March",3,IF(All_India_Index_Upto_April23__13[[#This Row],[Month]]="Marcrh",3,IF(All_India_Index_Upto_April23__13[[#This Row],[Month]]="April",4,IF(All_India_Index_Upto_April23__13[[#This Row],[Month]]="May",5,IF(All_India_Index_Upto_April23__13[[#This Row],[Month]]="June",6,IF(All_India_Index_Upto_April23__13[[#This Row],[Month]]="July",7,IF(All_India_Index_Upto_April23__13[[#This Row],[Month]]="August",8,IF(All_India_Index_Upto_April23__13[[#This Row],[Month]]="September",9,IF(All_India_Index_Upto_April23__13[[#This Row],[Month]]="October",10,IF(All_India_Index_Upto_April23__13[[#This Row],[Month]]="November",11,IF(All_India_Index_Upto_April23__13[[#This Row],[Month]]="December",12))))))))))))) -> 4
A261: Urban | B261: 2020 | C261: April | D261: =DATE(All_India_Index_Upto_April23__13[[#This Row],[Year]],All_India_Index_Upto_April23__13[[#This Row],[Month Number]],1) -> 43922 | E261: =IF(All_India_Index_Upto_April23__13[[#This Row],[Date]]<DATE(2020, 3, 1),"Pre-COVID","Post-COVID") -> Post-COVID | F261: 151.8 | G261: ='Missing Values Handled'!$H$8 -> 144.2 | H261: 151.9 | I261: 155.5 | J261: 131.6 | K261: 152.9 | L261: 180 | M261: 150.8 | N261: 121.2 | O261: 154 | P261: 133.5 | Q261: ='Missing Values Handled'!R$8 -> 135.5 | R261: 153.5 | S261: ='Missing Values Handled'!T$8 -> 144.2 | T261: ='Missing Values Handled'!U$8 -> 135.5 | U261: ='Missing Values Handled'!V$8 -> 141 | V261: ='Missing Values Handled'!W$8 -> 135.5 | W261: 155.6 | X261: 137.1 | Y261: ='Missing Values Handled'!Z$8 -> 144.2 | Z261: 144.8 | AA261: ='Missing Values Handled'!AB$8 -> 141 | AB261: ='Missing Values Handled'!AC$8 -> 135.5 | AC261: ='Missing Values Handled'!AD$8 -> 141 | AD261: ='Missing Values Handled'!AE$8 -> 144.2 | AE261: ='Missing Values Handled'!AF$8 -> 135.5 | AF261: ='Missing Values Handled'!AG$8 -> 141 | AG261: =IF(All_India_Index_Upto_April23__13[[#This Row],[Month]] = "January", 1,IF(All_India_Index_Upto_April23__13[[#This Row],[Month]]="February",2,IF(All_India_Index_Upto_April23__13[[#This Row],[Month]]="March",3,IF(All_India_Index_Upto_April23__13[[#This Row],[Month]]="Marcrh",3,IF(All_India_Index_Upto_April23__13[[#This Row],[Month]]="April",4,IF(All_India_Index_Upto_April23__13[[#This Row],[Month]]="May",5,IF(All_India_Index_Upto_April23__13[[#This Row],[Month]]="June",6,IF(All_India_Index_Upto_April23__13[[#This Row],[Month]]="July",7,IF(All_India_Index_Upto_April23__13[[#This Row],[Month]]="August",8,IF(All_India_Index_Upto_April23__13[[#This Row],[Month]]="September",9,IF(All_India_Index_Upto_April23__13[[#This Row],[Month]]="October",10,IF(All_India_Index_Upto_April23__13[[#This Row],[Month]]="November",11,IF(All_India_Index_Upto_April23__13[[#This Row],[Month]]="December",12))))))))))))) -> 4
A262: Rural+Urban | B262: 2016 | C262: February | D262: =DATE(All_India_Index_Upto_April23__13[[#This Row],[Year]],All_India_Index_Upto_April23__13[[#This Row],[Month Number]],1) -> 42401 | E262: =IF(All_India_Index_Upto_April23__13[[#This Row],[Date]]<DATE(2020, 3, 1),"Pre-COVID","Post-COVID") -> Pre-COVID | F262: 126.4 | G262: 134.2 | H262: 128.7 | I262: 130.3 | J262: 114.8 | K262: 124.9 | L262: 130.3 | M262: 167.4 | N262: 98.8 | O262: 133.6 | P262: 123 | Q262: 135.8 | R262: 129.9 | S262: 135.9 | T262: 130.9 | U262: 125.8 | V262: 130.2 | W262: 124.4 | X262: 123.1 | Y262: 124.6 | Z262: 122.5 | AA262: 111.4 | AB262: 120.3 | AC262: 126.6 | AD262: 116.6 | AE262: 119.1 | AF262: 126 | AG262: =IF(All_India_Index_Upto_April23__13[[#This Row],[Month]] = "January", 1,IF(All_India_Index_Upto_April23__13[[#This Row],[Month]]="February",2,IF(All_India_Index_Upto_April23__13[[#This Row],[Month]]="March",3,IF(All_India_Index_Upto_April23__13[[#This Row],[Month]]="Marcrh",3,IF(All_India_Index_Upto_April23__13[[#This Row],[Month]]="April",4,IF(All_India_Index_Upto_April23__13[[#This Row],[Month]]="May",5,IF(All_India_Index_Upto_April23__13[[#This Row],[Month]]="June",6,IF(All_India_Index_Upto_April23__13[[#This Row],[Month]]="July",7,IF(All_India_Index_Upto_April23__13[[#This Row],[Month]]="August",8,IF(All_India_Index_Upto_April23__13[[#This Row],[Month]]="September",9,IF(All_India_Index_Upto_April23__13[[#This Row],[Month]]="October",10,IF(All_India_Index_Upto_April23__13[[#This Row],[Month]]="November",11,IF(All_India_Index_Upto_April23__13[[#This Row],[Month]]="December",12))))))))))))) -> 2
A263: Rural | B263: 2020 | C263: May | D263: =DATE(All_India_Index_Upto_April23__13[[#This Row],[Year]],All_India_Index_Upto_April23__13[[#This Row],[Month Number]],1) -> 43952 | E263: =IF(All_India_Index_Upto_April23__13[[#This Row],[Date]]<DATE(2020, 3, 1),"Pre-COVID","Post-COVID") -> Post-COVID | F263: =VALUE('Missing Values Handled'!$G$8) -> 135.9 | G263: ='Missing Values Handled'!$H$8 -> 144.2 | H263: ='Missing Values Handled'!I$8 -> 135.5 | I263: ='Missing Values Handled'!J$8 -> 144.2 | J263: ='Missing Values Handled'!K$8 -> 135.5 | K263: ='Missing Values Handled'!L$8 -> 141 | L263: ='Missing Values Handled'!M$8 -> 135.5 | M263: ='Missing Values Handled'!N$8 -> 141 | N263: ='Missing Values Handled'!O$8 -> 120.5 | O263: ='Missing Values Handled'!P$8 -> 141 | ... V263: ='Missing Values Handled'!W$8 -> 135.5 | W263: 141 | X263: ='Missing Values Handled'!Y$8 -> 120.5 | Y263: ='Missing Values Handled'!Z$8 -> 144.2 | Z263: ='Missing Values Handled'!AA$8 -> 135.5 | AA263: ='Missing Values Handled'!AB$8 -> 141 | AB263: ='Missing Values Handled'!AC$8 -> 135.5 | AC263: ='Missing Values Handled'!AD$8 -> 141 | AD263: ='Missing Values Handled'!AE$8 -> 144.2 | AE263: ='Missing Values Handled'!AF$8 -> 135.5 | AF263: ='Missing Values Handled'!AG$8 -> 141 | AG263: =IF(All_India_Index_Upto_April23__13[[#This Row],[Month]] = "January", 1,IF(All_India_Index_Upto_April23__13[[#This Row],[Month]]="February",2,IF(All_India_Index_Upto_April23__13[[#This Row],[Month]]="March",3,IF(All_India_Index_Upto_April23__13[[#This Row],[Month]]="Marcrh",3,IF(All_India_Index_Upto_April23__13[[#This Row],[Month]]="April",4,IF(All_India_Index_Upto_April23__13[[#This Row],[Month]]="May",5,IF(All_India_Index_Upto_April23__13[[#This Row],[Month]]="June",6,IF(All_India_Index_Upto_April23__13[[#This Row],[Month]]="July",7,IF(All_India_Index_Upto_April23__13[[#This Row],[Month]]="August",8,IF(All_India_Index_Upto_April23__13[[#This Row],[Month]]="September",9,IF(All_India_Index_Upto_April23__13[[#This Row],[Month]]="October",10,IF(All_India_Index_Upto_April23__13[[#This Row],[Month]]="November",11,IF(All_India_Index_Upto_April23__13[[#This Row],[Month]]="December",12))))))))))))) -> 5
A264: Urban | B264: 2020 | C264: May | D264: =DATE(All_India_Index_Upto_April23__13[[#This Row],[Year]],All_India_Index_Upto_April23__13[[#This Row],[Month Number]],1) -> 43952 | E264: =IF(All_India_Index_Upto_April23__13[[#This Row],[Date]]<DATE(2020, 3, 1),"Pre-COVID","Post-COVID") -> Post-COVID | F264: =VALUE('Missing Values Handled'!$G$8) -> 135.9 | G264: ='Missing Values Handled'!$H$8 -> 144.2 | H264: ='Missing Values Handled'!$I$8 -> 135.5 | I264: ='Missing Values Handled'!J$8 -> 144.2 | J264: ='Missing Values Handled'!K$8 -> 135.5 | K264: ='Missing Values Handled'!L$8 -> 141 | L264: ='Missing Values Handled'!M$8 -> 135.5 | M264: ='Missing Values Handled'!N$8 -> 141 | N264: ='Missing Values Handled'!O$8 -> 120.5 | O264: ='Missing Values Handled'!P$8 -> 141 | P264: ='Missing Values Handled'!Q$8 -> 144.2 | ... V264: ='Missing Values Handled'!W$8 -> 135.5 | W264: 141 | X264: ='Missing Values Handled'!Y$8 -> 120.5 | Y264: ='Missing Values Handled'!Z$8 -> 144.2 | Z264: ='Missing Values Handled'!AA$8 -> 135.5 | AA264: ='Missing Values Handled'!AB$8 -> 141 | AB264: ='Missing Values Handled'!AC$8 -> 135.5 | AC264: ='Missing Values Handled'!AD$8 -> 141 | AD264: ='Missing Values Handled'!AE$8 -> 144.2 | AE264: ='Missing Values Handled'!AF$8 -> 135.5 | AF264: ='Missing Values Handled'!AG$8 -> 141 | AG264: =IF(All_India_Index_Upto_April23__13[[#This Row],[Month]] = "January", 1,IF(All_India_Index_Upto_April23__13[[#This Row],[Month]]="February",2,IF(All_India_Index_Upto_April23__13[[#This Row],[Month]]="March",3,IF(All_India_Index_Upto_April23__13[[#This Row],[Month]]="Marcrh",3,IF(All_India_Index_Upto_April23__13[[#This Row],[Month]]="April",4,IF(All_India_Index_Upto_April23__13[[#This Row],[Month]]="May",5,IF(All_India_Index_Upto_April23__13[[#This Row],[Month]]="June",6,IF(All_India_Index_Upto_April23__13[[#This Row],[Month]]="July",7,IF(All_India_Index_Upto_April23__13[[#This Row],[Month]]="August",8,IF(All_India_Index_Upto_April23__13[[#This Row],[Month]]="September",9,IF(All_India_Index_Upto_April23__13[[#This Row],[Month]]="October",10,IF(All_India_Index_Upto_April23__13[[#This Row],[Month]]="November",11,IF(All_India_Index_Upto_April23__13[[#This Row],[Month]]="December",12))))))))))))) -> 5
A265: Rural+Urban | B265: 2016 | C265: January | D265: =DATE(All_India_Index_Upto_April23__13[[#This Row],[Year]],All_India_Index_Upto_April23__13[[#This Row],[Month Number]],1) -> 42370 | E265: =IF(All_India_Index_Upto_April23__13[[#This Row],[Date]]<DATE(2020, 3, 1),"Pre-COVID","Post-COVID") -> Pre-COVID | F265: 126.1 | G265: 134.1 | H265: 128.6 | I265: 129.9 | J265: 115.5 | K265: 125.7 | L265: 141.5 | M265: 170.7 | N265: 97.4 | O265: 132.9 | P265: 122.7 | Q265: 135.3 | R265: 131.3 | S265: 135.2 | T265: 130.3 | U265: 125.1 | V265: 129.5 | W265: 123.4 | X265: 122.7 | Y265: 124.2 | Z265: 122 | AA265: 111.1 | AB265: 119.8 | AC265: 126.3 | AD265: 114.5 | AE265: 118.5 | AF265: 126.3 | AG265: =IF(All_India_Index_Upto_April23__13[[#This Row],[Month]] = "January", 1,IF(All_India_Index_Upto_April23__13[[#This Row],[Month]]="February",2,IF(All_India_Index_Upto_April23__13[[#This Row],[Month]]="March",3,IF(All_India_Index_Upto_April23__13[[#This Row],[Month]]="Marcrh",3,IF(All_India_Index_Upto_April23__13[[#This Row],[Month]]="April",4,IF(All_India_Index_Upto_April23__13[[#This Row],[Month]]="May",5,IF(All_India_Index_Upto_April23__13[[#This Row],[Month]]="June",6,IF(All_India_Index_Upto_April23__13[[#This Row],[Month]]="July",7,IF(All_India_Index_Upto_April23__13[[#This Row],[Month]]="August",8,IF(All_India_Index_Upto_April23__13[[#This Row],[Month]]="September",9,IF(All_India_Index_Upto_April23__13[[#This Row],[Month]]="October",10,IF(All_India_Index_Upto_April23__13[[#This Row],[Month]]="November",11,IF(All_India_Index_Upto_April23__13[[#This Row],[Month]]="December",12))))))))))))) -> 1
A266: Rural | B266: 2020 | C266: June | D266: =DATE(All_India_Index_Upto_April23__13[[#This Row],[Year]],All_India_Index_Upto_April23__13[[#This Row],[Month Number]],1) -> 43983 | E266: =IF(All_India_Index_Upto_April23__13[[#This Row],[Date]]<DATE(2020, 3, 1),"Pre-COVID","Post-COVID") -> Post-COVID | F266: 148.2 | G266: 190.3 | H266: 149.4 | I266: 153.3 | J266: 138.2 | K266: 143.2 | L266: 148.9 | M266: 150.3 | N266: 113.2 | O266: 159.8 | P266: 142.1 | Q266: 161.8 | R266: 152.3 | S266: 182.4 | T266: 154.7 | U266: 150 | V266: 154.1 | W266: 141 | X266: 144.9 | Y266: 151.7 | Z266: 158.2 | AA266: 141.4 | AB266: 153.2 | AC266: 161.8 | AD266: 151.2 | AE266: 151.7 | AF266: 152.7 | AG266: =IF(All_India_Index_Upto_April23__13[[#This Row],[Month]] = "January", 1,IF(All_India_Index_Upto_April23__13[[#This Row],[Month]]="February",2,IF(All_India_Index_Upto_April23__13[[#This Row],[Month]]="March",3,IF(All_India_Index_Upto_April23__13[[#This Row],[Month]]="Marcrh",3,IF(All_India_Index_Upto_April23__13[[#This Row],[Month]]="April",4,IF(All_India_Index_Upto_April23__13[[#This Row],[Month]]="May",5,IF(All_India_Index_Upto_April23__13[[#This Row],[Month]]="June",6,IF(All_India_Index_Upto_April23__13[[#This Row],[Month]]="July",7,IF(All_India_Index_Upto_April23__13[[#This Row],[Month]]="August",8,IF(All_India_Index_Upto_April23__13[[#This Row],[Month]]="September",9,IF(All_India_Index_Upto_April23__13[[#This Row],[Month]]="October",10,IF(All_India_Index_Upto_April23__13[[#This Row],[Month]]="November",11,IF(All_India_Index_Upto_April23__13[[#This Row],[Month]]="December",12))))))))))))) -> 6
A267: Urban | B267: 2020 | C267: June | D267: =DATE(All_India_Index_Upto_April23__13[[#This Row],[Year]],All_India_Index_Upto_April23__13[[#This Row],[Month Number]],1) -> 43983 | E267: =IF(All_India_Index_Upto_April23__13[[#This Row],[Date]]<DATE(2020, 3, 1),"Pre-COVID","Post-COVID") -> Post-COVID | F267: 152.7 | G267: 197 | H267: 154.6 | I267: 153.4 | J267: 132.9 | K267: 151.8 | L267: 171.2 | M267: 152 | N267: 116.3 | O267: 158.8 | P267: 135.6 | Q267: 161.7 | R267: 157 | S267: 186.7 | T267: 149.1 | U267: 136.6 | V267: 147.2 | W267: 154.7 | X267: 137.1 | Y267: 140.4 | Z267: 148.1 | AA267: 129.3 | AB267: 144.5 | AC267: 152.5 | AD267: 152.2 | AE267: 142 | AF267: 150.8 | AG267: =IF(All_India_Index_Upto_April23__13[[#This Row],[Month]] = "January", 1,IF(All_India_Index_Upto_April23__13[[#This Row],[Month]]="February",2,IF(All_India_Index_Upto_April23__13[[#This Row],[Month]]="March",3,IF(All_India_Index_Upto_April23__13[[#This Row],[Month]]="Marcrh",3,IF(All_India_Index_Upto_April23__13[[#This Row],[Month]]="April",4,IF(All_India_Index_Upto_April23__13[[#This Row],[Month]]="May",5,IF(All_India_Index_Upto_April23__13[[#This Row],[Month]]="June",6,IF(All_India_Index_Upto_April23__13[[#This Row],[Month]]="July",7,IF(All_India_Index_Upto_April23__13[[#This Row],[Month]]="August",8,IF(All_India_Index_Upto_April23__13[[#This Row],[Month]]="September",9,IF(All_India_Index_Upto_April23__13[[#This Row],[Month]]="October",10,IF(All_India_Index_Upto_April23__13[[#This Row],[Month]]="November",11,IF(All_India_Index_Upto_April23__13[[#This Row],[Month]]="December",12))))))))))))) -> 6
A268: Rural+Urban | B268: 2015 | C268: December | D268: =DATE(All_India_Index_Upto_April23__13[[#This Row],[Year]],All_India_Index_Upto_April23__13[[#This Row],[Month Number]],1) -> 42339 | E268: =IF(All_India_Index_Upto_April23__13[[#This Row],[Date]]<DATE(2020, 3, 1),"Pre-COVID","Post-COVID") -> Pre-COVID | F268: 125.7 | G268: 131.4 | H268: 124.8 | I268: 129.4 | J268: 115.3 | K268: 126.6 | L268: 146.7 | M268: 171.5 | N268: 94.5 | O268: 132.1 | P268: 122 | Q268: 134.7 | R268: 131.4 | S268: 134.5 | T268: 129.7 | U268: 124.8 | V268: 129 | W268: 122.4 | X268: 122 | Y268: 123.6 | Z268: 121.4 | AA268: 111.5 | AB268: 119.6 | AC268: 126.2 | AD268: 113.7 | AE268: 118.3 | AF268: 126.1 | AG268: =IF(All_India_Index_Upto_April23__13[[#This Row],[Month]] = "January", 1,IF(All_India_Index_Upto_April23__13[[#This Row],[Month]]="February",2,IF(All_India_Index_Upto_April23__13[[#This Row],[Month]]="March",3,IF(All_India_Index_Upto_April23__13[[#This Row],[Month]]="Marcrh",3,IF(All_India_Index_Upto_April23__13[[#This Row],[Month]]="April",4,IF(All_India_Index_Upto_April23__13[[#This Row],[Month]]="May",5,IF(All_India_Index_Upto_April23__13[[#This Row],[Month]]="June",6,IF(All_India_Index_Upto_April23__13[[#This Row],[Month]]="July",7,IF(All_India_Index_Upto_April23__13[[#This Row],[Month]]="August",8,IF(All_India_Index_Upto_April23__13[[#This Row],[Month]]="September",9,IF(All_India_Index_Upto_April23__13[[#This Row],[Month]]="October",10,IF(All_India_Index_Upto_April23__13[[#This Row],[Month]]="November",11,IF(All_India_Index_Upto_April23__13[[#This Row],[Month]]="December",12))))))))))))) -> 12
A269: Rural | B269: 2020 | C269: July | D269: =DATE(All_India_Index_Upto_April23__13[[#This Row],[Year]],All_India_Index_Upto_April23__13[[#This Row],[Month Number]],1) -> 44013 | E269: =IF(All_India_Index_Upto_April23__13[[#This Row],[Date]]<DATE(2020, 3, 1),"Pre-COVID","Post-COVID") -> Post-COVID | F269: 148.2 | G269: 190.3 | H269: 149.4 | I269: 153.3 | J269: 138.2 | K269: 143.2 | L269: 148.9 | M269: 150.3 | N269: 113.2 | O269: 159.8 | P269: 142.1 | Q269: 161.8 | R269: 152.3 | S269: 182.4 | T269: 154.7 | U269: 150 | V269: 154.1 | W269: 141 | X269: 144.9 | Y269: 151.7 | Z269: 158.2 | AA269: 141.4 | AB269: 153.2 | AC269: 161.8 | AD269: 151.2 | AE269: 151.7 | AF269: 152.7 | AG269: =IF(All_India_Index_Upto_April23__13[[#This Row],[Month]] = "January", 1,IF(All_India_Index_Upto_April23__13[[#This Row],[Month]]="February",2,IF(All_India_Index_Upto_April23__13[[#This Row],[Month]]="March",3,IF(All_India_Index_Upto_April23__13[[#This Row],[Month]]="Marcrh",3,IF(All_India_Index_Upto_April23__13[[#This Row],[Month]]="April",4,IF(All_India_Index_Upto_April23__13[[#This Row],[Month]]="May",5,IF(All_India_Index_Upto_April23__13[[#This Row],[Month]]="June",6,IF(All_India_Index_Upto_April23__13[[#This Row],[Month]]="July",7,IF(All_India_Index_Upto_April23__13[[#This Row],[Month]]="August",8,IF(All_India_Index_Upto_April23__13[[#This Row],[Month]]="September",9,IF(All_India_Index_Upto_April23__13[[#This Row],[Month]]="October",10,IF(All_India_Index_Upto_April23__13[[#This Row],[Month]]="November",11,IF(All_India_Index_Upto_April23__13[[#This Row],[Month]]="December",12))))))))))))) -> 7
A270: Urban | B270: 2020 | C270: July | D270: =DATE(All_India_Index_Upto_April23__13[[#This Row],[Year]],All_India_Index_Upto_April23__13[[#This Row],[Month Number]],1) -> 44013 | E270: =IF(All_India_Index_Upto_April23__13[[#This Row],[Date]]<DATE(2020, 3, 1),"Pre-COVID","Post-COVID") -> Post-COVID | F270: 152.7 | G270: 197 | H270: 154.6 | I270: 153.4 | J270: 132.9 | K270: 151.8 | L270: 171.2 | M270: 152 | N270: 116.3 | O270: 158.8 | P270: 135.6 | Q270: 161.7 | R270: 157 | S270: 186.7 | T270: 149.1 | U270: 136.6 | V270: 147.2 | W270: 154.7 | X270: 137.1 | Y270: 140.4 | Z270: 148.1 | AA270: 129.3 | AB270: 144.5 | AC270: 152.5 | AD270: 152.2 | AE270: 142 | AF270: 150.8 | AG270: =IF(All_India_Index_Upto_April23__13[[#This Row],[Month]] = "January", 1,IF(All_India_Index_Upto_April23__13[[#This Row],[Month]]="February",2,IF(All_India_Index_Upto_April23__13[[#This Row],[Month]]="March",3,IF(All_India_Index_Upto_April23__13[[#This Row],[Month]]="Marcrh",3,IF(All_India_Index_Upto_April23__13[[#This Row],[Month]]="April",4,IF(All_India_Index_Upto_April23__13[[#This Row],[Month]]="May",5,IF(All_India_Index_Upto_April23__13[[#This Row],[Month]]="June",6,IF(All_India_Index_Upto_April23__13[[#This Row],[Month]]="July",7,IF(All_India_Index_Upto_April23__13[[#This Row],[Month]]="August",8,IF(All_India_Index_Upto_April23__13[[#This Row],[Month]]="September",9,IF(All_India_Index_Upto_April23__13[[#This Row],[Month]]="October",10,IF(All_India_Index_Upto_April23__13[[#This Row],[Month]]="November",11,IF(All_India_Index_Upto_April23__13[[#This Row],[Month]]="December",12))))))))))))) -> 7
A271: Rural+Urban | B271: 2015 | C271: November | D271: =DATE(All_India_Index_Upto_April23__13[[#This Row],[Year]],All_India_Index_Upto_April23__13[[#This Row],[Month Number]],1) -> 42309 | E271: =IF(All_India_Index_Upto_April23__13[[#This Row],[Date]]<DATE(2020, 3, 1),"Pre-COVID","Post-COVID") -> Pre-COVID | F271: 125.4 | G271: 130.3 | H271: 121.6 | I271: 129.2 | J271: 114.9 | K271: 128.2 | L271: 158.4 | M271: 171.2 | N271: 93.3 | O271: 131.2 | P271: 121.7 | Q271: 134 | R271: 132.7 | S271: 133.6 | T271: 129.3 | U271: 124.5 | V271: 128.6 | W271: 122.9 | X271: 121.6 | Y271: 123.4 | Z271: 120.9 | AA271: 111.5 | AB271: 119.2 | AC271: 126.3 | AD271: 113.8 | AE271: 118.1 | AF271: 126.6 | AG271: =IF(All_India_Index_Upto_April23__13[[#This Row],[Month]] = "January", 1,IF(All_India_Index_Upto_April23__13[[#This Row],[Month]]="February",2,IF(All_India_Index_Upto_April23__13[[#This Row],[Month]]="March",3,IF(All_India_Index_Upto_April23__13[[#This Row],[Month]]="Marcrh",3,IF(All_India_Index_Upto_April23__13[[#This Row],[Month]]="April",4,IF(All_India_Index_Upto_April23__13[[#This Row],[Month]]="May",5,IF(All_India_Index_Upto_April23__13[[#This Row],[Month]]="June",6,IF(All_India_Index_Upto_April23__13[[#This Row],[Month]]="July",7,IF(All_India_Index_Upto_April23__13[[#This Row],[Month]]="August",8,IF(All_India_Index_Upto_April23__13[[#This Row],[Month]]="September",9,IF(All_India_Index_Upto_April23__13[[#This Row],[Month]]="October",10,IF(All_India_Index_Upto_April23__13[[#This Row],[Month]]="November",11,IF(All_India_Index_Upto_April23__13[[#This Row],[Month]]="December",12))))))))))))) -> 11
A272: Rural | B272: 2020 | C272: August | D272: =DATE(All_India_Index_Upto_April23__13[[#This Row],[Year]],All_India_Index_Upto_April23__13[[#This Row],[Month Number]],1) -> 44044 | E272: =IF(All_India_Index_Upto_April23__13[[#This Row],[Date]]<DATE(2020, 3, 1),"Pre-COVID","Post-COVID") -> Post-COVID | F272: 147.6 | G272: 187.2 | H272: 148.4 | I272: 153.3 | J272: 139.8 | K272: 146.9 | L272: 171 | M272: 149.9 | N272: 114.2 | O272: 160 | P272: 143.5 | Q272: 161.5 | R272: 155.3 | S272: 180.9 | T272: 155.1 | U272: 149.3 | V272: 154.3 | W272: 141 | X272: 145.8 | Y272: 151.9 | Z272: 158.8 | AA272: 143.6 | AB272: 152.2 | AC272: 162.7 | AD272: 153.6 | AE272: 153 | AF272: 154.7 | AG272: =IF(All_India_Index_Upto_April23__13[[#This Row],[Month]] = "January", 1,IF(All_India_Index_Upto_April23__13[[#This Row],[Month]]="February",2,IF(All_India_Index_Upto_April23__13[[#This Row],[Month]]="March",3,IF(All_India_Index_Upto_April23__13[[#This Row],[Month]]="Marcrh",3,IF(All_India_Index_Upto_April23__13[[#This Row],[Month]]="April",4,IF(All_India_Index_Upto_April23__13[[#This Row],[Month]]="May",5,IF(All_India_Index_Upto_April23__13[[#This Row],[Month]]="June",6,IF(All_India_Index_Upto_April23__13[[#This Row],[Month]]="July",7,IF(All_India_Index_Upto_April23__13[[#This Row],[Month]]="August",8,IF(All_India_Index_Upto_April23__13[[#This Row],[Month]]="September",9,IF(All_India_Index_Upto_April23__13[[#This Row],[Month]]="October",10,IF(All_India_Index_Upto_April23__13[[#This Row],[Month]]="November",11,IF(All_India_Index_Upto_April23__13[[#This Row],[Month]]="December",12))))))))))))) -> 8
A273: Urban | B273: 2020 | C273: August | D273: =DATE(All_India_Index_Upto_April23__13[[#This Row],[Year]],All_India_Index_Upto_April23__13[[#This Row],[Month Number]],1) -> 44044 | E273: =IF(All_India_Index_Upto_April23__13[[#This Row],[Date]]<DATE(2020, 3, 1),"Pre-COVID","Post-COVID") -> Post-COVID | F273: 151.6 | G273: 197.8 | H273: 154.5 | I273: 153.4 | J273: 133.4 | K273: 154.5 | L273: 191.9 | M273: 151.3 | N273: 116.8 | O273: 160 | P273: 136.5 | Q273: 163.3 | R273: 159.9 | S273: 187.2 | T273: 150 | U273: 135.2 | V273: 147.8 | W273: 155.5 | X273: 138.3 | Y273: 144.5 | Z273: 148.7 | AA273: 133.9 | AB273: 141.2 | AC273: 155.5 | AD273: 155.2 | AE273: 144.8 | AF273: 152.9 | AG273: =IF(All_India_Index_Upto_April23__13[[#This Row],[Month]] = "January", 1,IF(All_India_Index_Upto_April23__13[[#This Row],[Month]]="February",2,IF(All_India_Index_Upto_April23__13[[#This Row],[Month]]="March",3,IF(All_India_Index_Upto_April23__13[[#This Row],[Month]]="Marcrh",3,IF(All_India_Index_Upto_April23__13[[#This Row],[Month]]="April",4,IF(All_India_Index_Upto_April23__13[[#This Row],[Month]]="May",5,IF(All_India_Index_Upto_April23__13[[#This Row],[Month]]="June",6,IF(All_India_Index_Upto_April23__13[[#This Row],[Month]]="July",7,IF(All_India_Index_Upto_April23__13[[#This Row],[Month]]="August",8,IF(All_India_Index_Upto_April23__13[[#This Row],[Month]]="September",9,IF(All_India_Index_Upto_April23__13[[#This Row],[Month]]="October",10,IF(All_India_Index_Upto_April23__13[[#This Row],[Month]]="November",11,IF(All_India_Index_Upto_April23__13[[#This Row],[Month]]="December",12))))))))))))) -> 8
A274: Rural+Urban | B274: 2015 | C274: October | D274: =DATE(All_India_Index_Upto_April23__13[[#This Row],[Year]],All_India_Index_Upto_April23__13[[#This Row],[Month Number]],1) -> 42278 | E274: =IF(All_India_Index_Upto_April23__13[[#This Row],[Date]]<DATE(2020, 3, 1),"Pre-COVID","Post-COVID") -> Pre-COVID | F274: 125 | G274: 129.8 | H274: 118.9 | I274: 129.1 | J274: 113.3 | K274: 129 | L274: 160.4 | M274: 165.3 | N274: 92.3 | O274: 129.7 | P274: 121.1 | Q274: 133 | R274: 132.1 | S274: 132.5 | T274: 128.5 | U274: 123.8 | V274: 127.8 | W274: 122.4 | X274: 120.8 | Y274: 123 | Z274: 120.4 | AA274: 111.4 | AB274: 118.7 | AC274: 125.9 | AD274: 113.9 | AE274: 117.9 | AF274: 126.1 | AG274: =IF(All_India_Index_Upto_April23__13[[#This Row],[Month]] = "January", 1,IF(All_India_Index_Upto_April23__13[[#This Row],[Month]]="February",2,IF(All_India_Index_Upto_April23__13[[#This Row],[Month]]="March",3,IF(All_India_Index_Upto_April23__13[[#This Row],[Month]]="Marcrh",3,IF(All_India_Index_Upto_April23__13[[#This Row],[Month]]="April",4,IF(All_India_Index_Upto_April23__13[[#This Row],[Month]]="May",5,IF(All_India_Index_Upto_April23__13[[#This Row],[Month]]="June",6,IF(All_India_Index_Upto_April23__13[[#This Row],[Month]]="July",7,IF(All_India_Index_Upto_April23__13[[#This Row],[Month]]="August",8,IF(All_India_Index_Upto_April23__13[[#This Row],[Month]]="September",9,IF(All_India_Index_Upto_April23__13[[#This Row],[Month]]="October",10,IF(All_India_Index_Upto_April23__13[[#This Row],[Month]]="November",11,IF(All_India_Index_Upto_April23__13[[#This Row],[Month]]="December",12))))))))))))) -> 10
A275: Rural | B275: 2020 | C275: September | D275: =DATE(All_India_Index_Upto_April23__13[[#This Row],[Year]],All_India_Index_Upto_April23__13[[#This Row],[Month Number]],1) -> 44075 | E275: =IF(All_India_Index_Upto_April23__13[[#This Row],[Date]]<DATE(2020, 3, 1),"Pre-COVID","Post-COVID") -> Post-COVID | F275: 146.9 | G275: 183.9 | H275: 149.5 | I275: 153.4 | J275: 140.4 | K275: 147 | L275: 178.8 | M275: 149.3 | N275: 115.1 | O275: 160 | P275: 145.4 | Q275: 161.6 | R275: 156.1 | S275: 182.9 | T275: 155.4 | U275: 149.9 | V275: 154.6 | W275: 141 | X275: 146.4 | Y275: 151.6 | Z275: 159.1 | AA275: 144.6 | AB275: 152.8 | AC275: 161.1 | AD275: 157.4 | AE275: 153.7 | AF275: 155.4 | AG275: =IF(All_India_Index_Upto_April23__13[[#This Row],[Month]] = "January", 1,IF(All_India_Index_Upto_April23__13[[#This Row],[Month]]="February",2,IF(All_India_Index_Upto_April23__13[[#This Row],[Month]]="March",3,IF(All_India_Index_Upto_April23__13[[#This Row],[Month]]="Marcrh",3,IF(All_India_Index_Upto_April23__13[[#This Row],[Month]]="April",4,IF(All_India_Index_Upto_April23__13[[#This Row],[Month]]="May",5,IF(All_India_Index_Upto_April23__13[[#This Row],[Month]]="June",6,IF(All_India_Index_Upto_April23__13[[#This Row],[Month]]="July",7,IF(All_India_Index_Upto_April23__13[[#This Row],[Month]]="August",8,IF(All_India_Index_Upto_April23__13[[#This Row],[Month]]="September",9,IF(All_India_Index_Upto_April23__13[[#This Row],[Month]]="October",10,IF(All_India_Index_Upto_April23__13[[#This Row],[Month]]="November",11,IF(All_India_Index_Upto_April23__13[[#This Row],[Month]]="December",12))))))))))))) -> 9
A276: Urban | B276: 2020 | C276: September | D276: =DATE(All_India_Index_Upto_April23__13[[#This Row],[Year]],All_India_Index_Upto_April23__13[[#This Row],[Month Number]],1) -> 44075 | E276: =IF(All_India_Index_Upto_April23__13[[#This Row],[Date]]<DATE(2020, 3, 1),"Pre-COVID","Post-COVID") -> Post-COVID | F276: 151.5 | G276: 193.1 | H276: 157.3 | I276: 153.9 | J276: 134.4 | K276: 155.4 | L276: 202 | M276: 150.8 | N276: 118.9 | O276: 160.9 | P276: 137.7 | Q276: 164.4 | R276: 161.3 | S276: 188.7 | T276: 150.2 | U276: 136.3 | V276: 148.1 | W276: 156.3 | X276: 137.2 | Y276: 145.4 | Z276: 150 | AA276: 135.1 | AB276: 141.8 | AC276: 154.9 | AD276: 159.8 | AE276: 146 | AF276: 154 | AG276: =IF(All_India_Index_Upto_April23__13[[#This Row],[Month]] = "January", 1,IF(All_India_Index_Upto_April23__13[[#This Row],[Month]]="February",2,IF(All_India_Index_Upto_April23__13[[#This Row],[Month]]="March",3,IF(All_India_Index_Upto_April23__13[[#This Row],[Month]]="Marcrh",3,IF(All_India_Index_Upto_April23__13[[#This Row],[Month]]="April",4,IF(All_India_Index_Upto_April23__13[[#This Row],[Month]]="May",5,IF(All_India_Index_Upto_April23__13[[#This Row],[Month]]="June",6,IF(All_India_Index_Upto_April23__13[[#This Row],[Month]]="July",7,IF(All_India_Index_Upto_April23__13[[#This Row],[Month]]="August",8,IF(All_India_Index_Upto_April23__13[[#This Row],[Month]]="September",9,IF(All_India_Index_Upto_April23__13[[#This Row],[Month]]="October",10,IF(All_India_Index_Upto_April23__13[[#This Row],[Month]]="November",11,IF(All_India_Index_Upto_April23__13[[#This Row],[Month]]="December",12))))))))))))) -> 9
... A373: Rural+Urban | B373: 2013 | C373: January | D373: =DATE(All_India_Index_Upto_April23__13[[#This Row],[Year]],All_India_Index_Upto_April23__13[[#This Row],[Month Number]],1) -> 41275 | E373: =IF(All_India_Index_Upto_April23__13[[#This Row],[Date]]<DATE(2020, 3, 1),"Pre-COVID","Post-COVID") -> Pre-COVID | F373: 108.4 | G373: 107.3 | H373: 110 | I373: 104.4 | J373: 105.1 | K373: 103.2 | L373: 102.2 | M373: 106 | N373: 106.2 | O373: 102.7 | P373: 104.9 | Q373: 107.3 | R373: 105.6 | S373: 105.1 | T373: 106.3 | U373: 105.5 | V373: 106.2 | W373: 100.3 | X373: 105.5 | Y373: 104.8 | Z373: 104 | AA373: 103.2 | AB373: 103.1 | AC373: 103.6 | AD373: 104.5 | AE373: 103.9 | AF373: 104.6 | AG373: =IF(All_India_Index_Upto_April23__13[[#This Row],[Month]] = "January", 1,IF(All_India_Index_Upto_April23__13[[#This Row],[Month]]="February",2,IF(All_India_Index_Upto_April23__13[[#This Row],[Month]]="March",3,IF(All_India_Index_Upto_April23__13[[#This Row],[Month]]="Marcrh",3,IF(All_India_Index_Upto_April23__13[[#This Row],[Month]]="April",4,IF(All_India_Index_Upto_April23__13[[#This Row],[Month]]="May",5,IF(All_India_Index_Upto_April23__13[[#This Row],[Month]]="June",6,IF(All_India_Index_Upto_April23__13[[#This Row],[Month]]="July",7,IF(All_India_Index_Upto_April23__13[[#This Row],[Month]]="August",8,IF(All_India_Index_Upto_April23__13[[#This Row],[Month]]="September",9,IF(All_India_Index_Upto_April23__13[[#This Row],[Month]]="October",10,IF(All_India_Index_Upto_April23__13[[#This Row],[Month]]="November",11,IF(All_India_Index_Upto_April23__13[[#This Row],[Month]]="December",12))))))))))))) -> 1

Sheet Dashboard
D4: Decoding India's Inflation: CPI Analytics Dashboard
C6: Overall CPI Impact -35.80 | G6: Food Impact -24.94 | K6: Healthcare Impact +60.02 | O6: Essential Services -32.16
C11: Highest Inflation | G11: Lowest Inflation Value | K11: Food Index Change | O11: Top Contributor
C12: 0.010123735 | G12: -0.01346046 | K12: 4.7 | O12: Spices

Sheet Q1_Contribution
A2: Category | B2: Value | C2: Broader Buckets | G2: Bucket | H2: Value | J2: Category Contribution %
G3: Food | H3: =SUM(B16:B28) -> 2027.1 | J3: Bucket | K3: Total
A4: Housing | B4: =CPI!W4 -> 157.7 | C4: Housing & Utilities | G4: Housing & Utilities | H4: =SUM(B4:B6) -> 460.2 | J4: Education & Recreation | K4: 0.081419672
A5: Fuel & Light | B5: 152.5 | G5: Healthcare | H5: =B7 -> 159.3 | J5: Food | K5: 0.50837873
A6: Household Goods & Services | B6: =CPI!Y4 -> 150 | G6: Transport & Mobility | H6: =B8:B8 -> 141.9 | J6: Healthcare | K6: 0.042686711
A7: Health | B7: =CPI!Z4 -> 159.3 | C7: Healthcare | G7: Education & Recreation | H7: =SUM(B9:B10) -> 336.3 | J7: Housing & Utilities | K7: 0.11569317
A8: Transport | B8: =CPI!AA4 -> 141.9 | C8: Transport & Mobility | G8: Personal & Lifestyle | H8: =SUM(B13,B14,B15,B11,B12) -> 826.2 | J8: Personal & Lifestyle | K8: 0.21393927
A9: Recreation & Amusement | B9: 177.1 | C9: Education & Recreation | J9: Transport & Mobility | K9: 0.037882445
A10: Education | B10: =CPI!AC4 -> 159.2 | G10: Total | H10: =SUM(H3:H8) -> 3951 | J10: Grand Total | K10: 1
A11: Personal Care & Effects | B11: =CPI!AD4 -> 156.8 | C11: Personal & Lifestyle
A12: Miscellaneous | B12: 179
A13: Pan, Tobacco & Intoxicants | B13: =All_India_Index_Upto_April23__13[[#This Row],[Pan, tobacco and intoxicants]] -> 188.8
A14: Clothing | B14: =CPI!T4 -> 155.5
A15: Footwear | B15: =CPI!U4 -> 146.1
A16: Food & Beverages | B16: =CPI!R4 -> 161 | C16: Food
A17: Cereals and products | B17: =CPI!F4 -> 144.9
A18: Meat and fish | B18: =CPI!G4 -> 190.1
A19: Egg | B19: =CPI!H4 -> 175.3
A20: Milk and products | B20: =CPI!I4 -> 154.1
A21: Oils and fats | B21: =CPI!J4 -> 150.9
A22: Fruits | B22: =CPI!K4 -> 149.6
A23: Vegetables | B23: =CPI!L4 -> 194.2 | J23: Insight #1 | L23: Food contributes the largest share (50.84%) to the CPI basket, followed by Housing & Utilities (22.1%).
A24: Pulses and products | B24: =CPI!M4 -> 160.4
A25: Sugar and Confectionery | B25: =CPI!N4 -> 114.6
A26: Spices | B26: =CPI!N4 -> 114.6
A27: Non-alcoholic beverages | B27: =CPI!P4 -> 151.8
A28: Prepared meals, snacks, sweets etc. | B28: =CPI!Q4 -> 165.6

Sheet Q2_YOY
A1: Average of General index
A2: Year | B2: Total | D2: Year | E2: Avg CPI | F2: YoY % | G2: Highest YoY | H2: Highest YoY Year
A3: 2013 | B3: 110.01389 | D3: 2013 | E3: 110.01389 | F3: 0 | G3: =MAX(F3:F13) -> 0.06704126 | H3: =INDEX(D3:F13,MATCH(MAX(F3:F13),F3:F13,0),1) -> 2021
A4: 2014 | B4: 117.32778 | D4: 2014 | E4: 117.32778 | F4: =(E4-E3)/E3 -> 0.066481505
A5: 2015 | B5: 123.03611 | D5: 2015 | E5: 123.03611 | F5: =(E5-E4)/E4 -> 0.048652872
A6: 2016 | B6: 129.1 | D6: 2016 | E6: 129.1 | F6: =(E6-E5)/E5 -> 0.04928544
A7: 2017 | B7: 133.38611 | D7: 2017 | E7: 133.38611 | F7: =(E7-E6)/E6 -> 0.033199931
A8: 2018 | B8: 138.66944 | D8: 2018 | E8: 138.66944 | F8: =(E8-E7)/E7 -> 0.039609321
A9: 2019 | B9: 144.12727 | D9: 2019 | E9: 144.12727 | F9: =(E9-E8)/E8 -> 0.03935855
A10: 2020 | B10: 151.275 | D10: 2020 | E10: 151.275 | F10: =(E10-E9)/E9 -> 0.049593163
A11: 2021 | B11: 161.41667 | D11: 2021 | E11: 161.41667 | F11: =(E11-E10)/E10 -> 0.06704126
A12: 2022 | B12: 172.075 | D12: 2022 | E12: 172.075 | F12: =(E12-E11)/E11 -> 0.066029943
A13: 2023 | B13: 177.57333 | D13: 2023 | E13: 177.57333 | F13: =(E13-E12)/E12 -> 0.031953121
A14: Grand Total | B14: 139.58763
G18: Insight #1 | I18: Inflation remained relatively stable between 2017 and 2019.
G21: Insight #2 | I21: Inflation increased significantly after COVID-19 due to supply chain disruptions.
G24: Insight #3 | I24: Inflation peaked in 2022 driven by higher food prices, crude oil shocks, and global geopolitical tensions.

Sheet Q3_Food
D1: Date | E1: Food and beverages | F1: MoM % | N1: Category | O1: 44713 | P1: 45047 | Q1: Change | S1: Contribution Change | T1: Top Contributor
D2: 44713 | E2: 174.9 | F2: 0 | H2: Highest Inflation | I2: Highest Inflation Month | N2: Spices | O2: 187.1 | P2: 218 | Q2: 30.9 | S2: 30.9 | T2: Spices | U2: =INDEX(J2:M14,MATCH(MAX(M2:M14),M2:M14,S2),1)
D3: 44743 | E3: 175 | F3: =(E3-E2)/E2 -> 0.00057175529 | H3: =MAX(F2:F13) -> 0.010123735 | I3: =INDEX(D2:F13,MATCH(MAX(E2:E13),E2:E13,0),1) -> 44835 | N3: Cereals and products | O3: 155 | P3: 173.7 | Q3: 18.7
D4: 44774 | E4: 176.3 | F4: =(E4-E3)/E3 -> 0.0074285714 | N4: Milk and products | O4: 165.8 | P4: 179.5 | Q4: 13.7
D5: 44805 | E5: 177.8 | F5: =(E5-E4)/E4 -> 0.0085082246 | H5: Lowest Inflation Value | I5: Lowest Inflation Month | N5: Pulses and products | O5: 164.3 | P5: 175.6 | Q5: 11.3
D6: 44835 | E6: 179.6 | F6: =(E6-E5)/E5 -> 0.010123735 | H6: =MIN(F2:F13) -> -0.01346046 | I6: =INDEX(D5:F16,MATCH(MIN(E5:E16),E5:E16,0),1) -> 44896 | N6: Prepared meals, snacks, sweets etc. | O6: 183.9 | P6: 194.2 | Q6: 10.3
D7: 44866 | E7: 178.3 | F7: =(E7-E6)/E6 -> -0.0072383073 | N7: Non-alcoholic beverages | O7: 167.9 | P7: 173.4 | Q7: 5.5
D8: 44896 | E8: 175.9 | F8: =(E8-E7)/E7 -> -0.01346046 | H8: Food Index Change | N8: Oils and fats | O8: 165.8 | P8: 170 | Q8: 4.2
D9: 44927 | E9: 176.7 | F9: =(E9-E8)/E8 -> 0.0045480387 | H9: =MAX(E2:E13)-MIN(E2:E13) -> 4.7 | N9: Food and beverages | O9: 174.9 | P9: 179.1 | Q9: 4.2
D10: 44958 | E10: 177 | F10: =(E10-E9)/E9 -> 0.0016977929 | N10: Sugar and Confectionery | O10: 119.9 | P10: 122.7 | Q10: 2.8
D11: 44986 | E11: 177 | F11: =(E11-E10)/E10 -> 0 | N11: Fruits | O11: 169.7 | P11: 172.2 | Q11: 2.5
D12: 45017 | E12: 177.9 | F12: =(E12-E11)/E11 -> 0.0050847458 | N12: Egg | O12: 170.8 | P12: 173.2 | Q12: 2.4
D13: 45047 | E13: 179.1 | F13: =(E13-E12)/E12 -> 0.0067453626 | N13: Meat and fish | O13: 219.4 | P13: 214.3 | Q13: -5.1
N14: Vegetables | O14: 182.3 | P14: 161 | Q14: -21.3
H21: Highest Inflation | J21: Lowest Inflation Value | L21: Food Index Change | N21: Top Contributor
H22: 0.010123735 | J22: -0.01346046 | L22: 4.7 | N22: Spices
H43: Insights | I43: Food inflation rose by 4.7 index points during Jun-22 to May-23. Inflation peaked in Oct-22 (1.01%) and hit a low in Dec-22 (-1.35%). Spices were the largest contributor to food inflation (+30.9).

Sheet Q4_COVID
C3: Average of Genral Index | D3: Total
C4: Post-COVID | D4: =AVERAGEIF(CPI!E4:E373,"Pre-COVID",CPI!AF4:AF373) -> 128.45771
C5: Pre-COVID | D5: =AVERAGEIF(CPI!E4:E373,"Post-COVID",CPI!AF4:AF373) -> 164.25385
C9: Average of Food | D9: Total
C10: Post-COVID | D10: =AVERAGEIF(CPI!E4:E373,"Pre-COVID",CPI!F4:R373) -> 128.9419
C11: Pre-COVID | D11: =AVERAGEIF(CPI!E4:E373,"Post-COVID",CPI!F4:R373) -> 153.87778
C15: Average of Health | D15: Total
C16: Post-COVID | D16: =AVERAGEIF(CPI!E280:E373,"Pre-COVID",CPI!Z4:Z373) -> 171.7125
C17: Pre-COVID | D17: =AVERAGEIF(CPI!E280:E373,"Post-COVID",CPI!Z4:Z373) -> 111.69194
C21: Average Household Goods & Services | D21: Total
C22: Post-COVID | D22: =AVERAGEIF(CPI!E4:E373,"Pre-COVID",CPI!Y4:Y373) -> 126.81107
C23: Pre-COVID | D23: =AVERAGEIF(CPI!E4:E373,"Post-COVID",CPI!Y4:Y373) -> 158.97265
E27: Insights | F27: Healthcare was the most affected category during COVID-19, increasing by 60.02 index points. Food and Household Goods recorded declines of 24.94 and 32.16 points respectively, while overall CPI decreased by 35.80 points between the pre- and post-COVID periods.

Sheet Q5_Oil
A1: Date | B1: Oil Price | C1: Food and beverages | D1: Health | E1: Transport and communication | F1: Household goods and services | G1: Education | I1: Category | J1: Correlation | K1: Formula Used
A2: 44197 | B2: 54.77 | C2: 161 | D2: 159.3 | E2: 141.9 | F2: 150 | G2: 159.2 | I2: Household Goods | J2: =CORREL(B2:B30,F2:F30) -> 0.48290482 | K2: =CORREL($B$2:$B$30,E2:E30)
A3: 44228 | B3: 62.28 | C3: 156.9 | D3: 161.3 | E3: 145.1 | F3: 150.9 | G3: 159.5 | I3: Education | J3: =CORREL(B2:B30,G2:G30) -> 0.41586103 | K3: =CORREL($B$2:$B$30,C2:C30)
A4: 44256 | B4: 65.41 | C4: 156.7 | D4: 161.7 | E4: 146.2 | F4: 151.2 | G4: 160.2 | I4: Health | J4: =CORREL(B2:B30,D2:D30) -> 0.45179277 | K4: =CORREL($B$2:$B$30,D2:D30)
A5: 44287 | B5: 64.81 | C5: 158 | D5: 162.3 | E5: 146.6 | F5: 151.8 | G5: 160.3 | I5: Transport | J5: =CORREL(B2:B30,E2:E30) -> 0.64359704 | K5: =CORREL($B$2:$B$30,G2:G30)
A6: 44317 | B6: 68.53 | C6: 160.7 | D6: 165.8 | E6: 148.9 | F6: 154.7 | G6: 161.2 | I6: Food | J6: =CORREL(B2:B30,C2:C30) -> 0.55216236 | K6: =CORREL($B$2:$B$30,F2:F30)
A7: 44348 | B7: 73.16 | C7: 162.6 | D7: 166.3 | E7: 150.7 | F7: 154.8 | G7: 161.7
A8: 44378 | B8: 75.17 | C8: 164 | D8: 167 | E8: 153.1 | F8: 155.8 | G8: 163.2
A9: 44409 | B9: 70.75 | C9: 164 | D9: 168.4 | E9: 154 | F9: 157.5 | G9: 163.8
A10: 44440 | B10: 74.49 | C10: 164 | D10: 168.4 | E10: 154 | F10: 157.5 | G10: 163.7
A11: 44470 | B11: 83.54 | C11: 167.7 | D11: 169.1 | E11: 155.7 | F11: 158.4 | G11: 163.9
A12: 44501 | B12: 81.05 | C12: 169.7 | D12: 169.9 | E12: 154.8 | F12: 159.3 | G12: 164.3 | J12: Highest Impact Category | K12: Highest Correlation
A13: 44531 | B13: 74.17 | C13: 168.2 | D13: 170.6 | E13: 155.7 | F13: 160.2 | G13: 164.4
A14: 44562 | B14: 86.51 | C14: 166.4 | D14: 171.4 | E14: 156.5 | F14: 161.1 | G14: 164.7 | J14: Transport | K14: 0.64359704 | L14: =INDEX(I2:J6,1,MATCH(MAX(J2:J6),J2:J6,0))
A15: 44593 | B15: 97.13 | C15: 166.2 | D15: 172.2 | E15: 156.9 | F15: 161.8 | G15: 165.4
A16: 44621 | B16: 117.25 | C16: 168.4 | D16: 173 | E16: 157.9 | F16: 162.8 | G16: 166
A17: 44652 | B17: 104.58 | C17: 170.8 | D17: 174 | E17: 162.6 | F17: 164 | G17: 166.9 | J17: Highest Correlation avg | K17: Relationship
A18: 44682 | B18: 113.34 | C18: 173.3 | D18: 174.8 | E18: 163 | F18: 165.2 | G18: 167.9
A19: 44713 | B19: 122.71 | C19: 174.9 | D19: 175.4 | E19: 161.1 | F19: 166.4 | G19: 169 | J19: =AVERAGE(J2:J6) -> 0.5092636 | K19: Positive
A20: 44743 | B20: 111.93 | C20: 175 | D20: 176.1 | E20: 161.6 | F20: 167.4 | G20: 171.4
A21: 44774 | B21: 100.45 | C21: 176.3 | D21: 176.8 | E21: 161.9 | F21: 168.5 | G21: 172.3
A22: 44805 | B22: 89.76 | C22: 177.8 | D22: 177.8 | E22: 162.3 | F22: 169.5 | G22: 173.1
A23: 44835 | B23: 93.33 | C23: 179.6 | D23: 178.7 | E23: 162.9 | F23: 170.4 | G23: 173.4
A24: 44866 | B24: 91.42 | C24: 178.3 | D24: 179.8 | E24: 163 | F24: 171.4 | G24: 173.7
A25: 44896 | B25: 80.92 | C25: 175.9 | D25: 181.1 | E25: 163.4 | F25: 172.1 | G25: 174.1
A26: 44927 | B26: 82.5 | C26: 176.7 | D26: 182.3 | E26: 163.6 | F26: 172.9 | G26: 174.3
A27: 44958 | B27: 82.59 | C27: 177 | D27: 184.4 | E27: 164.2 | F27: 174.2 | G27: 175
A28: 44986 | B28: 78.43 | C28: 177 | D28: 184.4 | E28: 164.2 | F28: 174.2 | G28: 175
A29: 45017 | B29: 84.64 | C29: 177.9 | D29: 185 | E29: 164.5 | F29: 174.6 | G29: 176.4
A30: 45047 | B30: 75.47 | C30: 179.1 | D30: 185.7 | E30: 164.8 | F30: 175.2 | G30: 177.1
H39: Insights | I39: # Correlation analysis indicates a strong positive relationship between Oil Prices and all major inflation categories. # Transport recorded the highest correlation (0.64), followed by Food (0.55). # This suggests that fluctuations in energy prices have a broad impact across the inflation basket, influencing both essential and service-related categories.
B47: Category | C47: Correlation | F47: Category | G47: Correlation | J47: Category | K47: Correlation | M47: Category | N47: Correlation | S47: Category | T47: Correlation
B48: Household Goods | C48: 0.48290482 | F48: Education | G48: 0.41586103 | J48: Health | K48: 0.45179277 | M48: Transport | N48: 0.64359704 | S48: Food | T48: 0.55216236

Sheet Missing Values Handled
B1: Blanks
B2: Sector | C2: Year | D2: Month | E2: Day | F2: Date | G2: Cereals and products | H2: Meat and fish | I2: Egg | J2: Milk and products | K2: Oils and fats | L2: Fruits | M2: Vegetables | N2: Pulses and products | O2: Sugar and Confectionery | P2: Spices | Q2: Non-alcoholic beverages | R2: Prepared meals, snacks, sweets etc. | S2: Food and beverages | T2: Pan, tobacco and intoxicants | U2: Clothing | V2: Footwear | W2: Clothing and footwear | X2: Housing | Y2: Fuel and light | Z2: Household goods and services | AA2: Health | AB2: Transport and communication | AC2: Recreation and amusement | AD2: Education | AE2: Personal care and effects | AF2: Miscellaneous | AG2: General index
A3: Missing Values | B3: =COUNTBLANK(All_India_Index_Upto_April23__13[Sector]) -> 0 | C3: =COUNTBLANK(All_India_Index_Upto_April23__13[Year]) -> 0 | D3: =COUNTBLANK(All_India_Index_Upto_April23__13[Month]) -> 0 | E3: =COUNTBLANK(All_India_Index_Upto_April23__13[Date]) -> 0 | F3: =COUNTBLANK(All_India_Index_Upto_April23__13[Covid Period]) -> 0 | G3: =COUNTBLANK(All_India_Index_Upto_April23__13[Cereals and products]) -> 0 | H3: =COUNTBLANK(All_India_Index_Upto_April23__13[Meat and fish]) -> 0 | I3: =COUNTBLANK(All_India_Index_Upto_April23__13[Egg]) -> 0 | J3: =COUNTBLANK(All_India_Index_Upto_April23__13[Milk and products]) -> 0 | K3: =COUNTBLANK(All_India_Index_Upto_April23__13[Oils and fats]) -> 0 | L3: =COUNTBLANK(All_India_Index_Upto_April23__13[Fruits]) -> 0 | M3: =COUNTBLANK(All_India_Index_Upto_April23__13[Vegetables]) -> 0 | N3: =COUNTBLANK(All_India_Index_Upto_April23__13[Pulses and products]) -> 0 | O3: =COUNTBLANK(All_India_Index_Upto_April23__13[Sugar and Confectionery]) -> 0 | P3: =COUNTBLANK(All_India_Index_Upto_April23__13[Spices]) -> 0 | Q3: =COUNTBLANK(All_India_Index_Upto_April23__13[Non-alcoholic beverages]) -> 0 | R3: =COUNTBLANK(All_India_Index_Upto_April23__13[Prepared meals, snacks, sweets etc.]) -> 0 | S3: =COUNTBLANK(All_India_Index_Upto_April23__13[Food and beverages]) -> 0 | T3: =COUNTBLANK(All_India_Index_Upto_April23__13[Pan, tobacco and intoxicants]) -> 0 | U3: =COUNTBLANK(All_India_Index_Upto_April23__13[Clothing]) -> 0 | V3: =COUNTBLANK(All_India_Index_Upto_April23__13[Footwear]) -> 0 | W3: =COUNTBLANK(All_India_Index_Upto_April23__13[Clothing and footwear]) -> 0 | X3: =COUNTBLANK(All_India_Index_Upto_April23__13[Housing]) -> 0 | Y3: =COUNTBLANK(All_India_Index_Upto_April23__13[Fuel and light]) -> 0 | Z3: =COUNTBLANK(All_India_Index_Upto_April23__13[Household goods and services]) -> 0 | AA3: =COUNTBLANK(All_India_Index_Upto_April23__13[Health]) -> 0 | AB3: =COUNTBLANK(All_India_Index_Upto_April23__13[Transport and communication]) -> 0 | AC3: =COUNTBLANK(All_India_Index_Upto_April23__13[Recreation and amusement]) -> 0 | AD3: =COUNTBLANK(All_India_Index_Upto_April23__13[Education]) -> 0 | AE3: =COUNTBLANK(All_India_Index_Upto_April23__13[Personal care and effects]) -> 0 | AF3: =COUNTBLANK(All_India_Index_Upto_April23__13[Miscellaneous]) -> 0 | AG3: =COUNTBLANK(All_India_Index_Upto_April23__13[General index]) -> 0
B5: Missing Values
B6: Sector | C6: Year | D6: Month | E6: Day | F6: Date | G6: Cereals and products | H6: Meat and fish | I6: Egg | J6: Milk and products | K6: Oils and fats | L6: Fruits | M6: Vegetables | N6: Pulses and products | O6: Sugar and Confectionery | P6: Spices | Q6: Non-alcoholic beverages | R6: Prepared meals, snacks, sweets etc. | S6: Food and beverages | T6: Pan, tobacco and intoxicants | U6: Clothing | V6: Footwear | W6: Clothing and footwear | X6: Housing | Y6: Fuel and light | Z6: Household goods and services | AA6: Health | AB6: Transport and communication | AC6: Recreation and amusement | AD6: Education | AE6: Personal care and effects | AF6: Miscellaneous | AG6: General index
A7: Mean | B7: =AVERAGE() | G7: 136.68374 | H7: 156.26475 | I7: 140.79756 | J7: 156.26475 | K7: 140.79756 | L7: 140.3252 | M7: 140.79756 | N7: 140.3252 | O7: 132.12629 | P7: 140.3252 | Q7: 156.26475 | R7: 140.79756 | S7: 140.3252 | T7: 156.26475 | U7: 140.79756 | V7: 140.3252 | W7: 140.79756 | X7: 140.3252 | Y7: 132.12629 | Z7: 156.26475 | AA7: 140.79756 | AB7: 140.3252 | AC7: 140.79756 | AD7: 140.3252 | AE7: 156.26475 | AF7: 140.79756 | AG7: 140.3252
A8: Median | B8: =MEDIAN() | G8: 135.9 | H8: 144.2 | I8: 135.5 | J8: 144.2 | K8: 135.5 | L8: 141 | M8: 135.5 | N8: 141 | O8: 120.5 | P8: 141 | Q8: 144.2 | R8: 135.5 | S8: 141 | T8: 144.2 | U8: 135.5 | V8: 141 | W8: 135.5 | X8: 141 | Y8: 120.5 | Z8: 144.2 | AA8: 135.5 | AB8: 141 | AC8: 135.5 | AD8: 141 | AE8: 144.2 | AF8: 135.5 | AG8: 141
A9: Standard D | B9: =STDEV() | G9: 15.002342 | H9: 33.354866 | I9: 22.523518 | J9: 33.354866 | K9: 22.523518 | L9: 18.354428 | M9: 22.523518 | N9: 18.354428 | O9: 29.956816 | P9: 18.354428 | Q9: 33.354866 | R9: 22.523518 | S9: 18.354428 | T9: 33.354866 | U9: 22.523518 | V9: 18.354428 | W9: 22.523518 | X9: 18.354428 | Y9: 29.956816 | Z9: 33.354866 | AA9: 22.523518 | AB9: 18.354428 | AC9: 22.523518 | AD9: 18.354428 | AE9: 33.354866 | AF9: 22.523518 | AG9: 18.354428
